uid,наименование,статус
u787,Коллекции,Просмотрен
u553,Учебное пособие Домашняя техника,Просмотрен
u553,1С УЧЕБНОЕ ПОСОБИЕ ДЛЯ ПРОДАВЦОВ-КАССИРОВ,Просмотрен
u941,Назначение теста и курса,Просмотрен
u1422,Основы работы на кассовом аппарате Штрих-Мини-К,Просмотрен
u1695,Основы работы на кассовом аппарате Штрих-Мини-К,Просмотрен
u1463,Учебное пособие программы лояльности,Просмотрен
u941,Стандарты работы с Клиентами,Просмотрен
u941,Технология  демонстрации оборудования,Просмотрен
u1582,Учебное пособие программы лояльности,Просмотрен
u941,Демонстрационная презентация Соцпакет,Просмотрен
u1855,Демонстрационная презентация знакомство с брэндами,Просмотрен
u1855,Демонстрацинная презентация Как подобрать продукт клиенту,Просмотрен
u1440,Учебное пособие программы лояльности,Просмотрен
u1855,Демонстрационная презентация дисконтные карты,Просмотрен
u1855,Стандарты и Правила обслуживания,Просмотрен
u1855,Учебное пособие 1С Заявки на платеж,Просмотрен
u1855,Демонстрационная презентация АССОРТИМЕНТ,Просмотрен
u1855,Демонстрационная презентация телефоны,Просмотрен
u1855,Демонстрационная презентация Мотивационная модель,Просмотрен
u1855,Демонстрационная презентация Соцпакет,Просмотрен
u1422,Учебное пособие программы лояльности,Просмотрен
u1391,Учебное пособие программы лояльности,Просмотрен
u564,Учебное пособие программы лояльности,Просмотрен
u624,Учебное пособие программы лояльности,Просмотрен
u1670,Учебное пособие программы лояльности,Просмотрен
u1710,Учебное пособие программы лояльности,Просмотрен
u334,Учебное пособие программы лояльности,Просмотрен
u1948,Учебное пособие программы лояльности,Просмотрен
u825,Учебное пособие программы лояльности,Просмотрен
u913,Учебное пособие Домашняя техника,Просмотрен
u913,1С_БЮДЖЕТИРОВАНИЕ,Просмотрен
u1492,Учебное пособие для Управляющих «Проведение инвентаризации и переоценки ТМЦ»,Просмотрен
u1402,Секрет фирмы ,Просмотрен
u1402,Скрипты (ШОУРУМ),Просмотрен
u175,Учебное пособие для Управляющих «Проведение инвентаризации и переоценки ТМЦ»,Просмотрен
u1402,СКРИПТЫ спец проект,Просмотрен
u1402,Скрипты по презентации товара,Просмотрен
u1402,Подарки,Просмотрен
u1402,Планшеты,Просмотрен
u25,Недякин Искренний сервис (ознакомительный фрагмент),Просмотрен
u612,Учебное пособие для Управляющих «Проведение инвентаризации и переоценки ТМЦ»,Просмотрен
u1553,Как добавить сотрудника в состав участника мероприятия,Просмотрен
u470,Запуск теста на Портале обучения,Просмотрен
u470,Назначение теста и курса,Просмотрен
u1762,Демонстрацинная презентация Как подобрать продукт клиенту,Просмотрен
u1422,Учебное пособие для Управляющих «Проведение инвентаризации и переоценки ТМЦ»,Просмотрен
u1686,Учебное пособие для Управляющих «Проведение инвентаризации и переоценки ТМЦ»,Просмотрен
u1106,Учебное пособие для Управляющих «Проведение инвентаризации и переоценки ТМЦ»,Просмотрен
u58,Учебное пособие для Управляющих «Проведение инвентаризации и переоценки ТМЦ»,Просмотрен
u824,Учебное пособие для Управляющих «Проведение инвентаризации и переоценки ТМЦ»,Просмотрен
u1455,Скрипты по презентации товара,Просмотрен
u1995,Учебное пособие для Управляющих «Проведение инвентаризации и переоценки ТМЦ»,Просмотрен
u15,Учебное пособие для Управляющих «Проведение инвентаризации и переоценки ТМЦ»,Просмотрен
u1589,Учебное пособие для Управляющих: «Обеспечение и контроль деятельности магазина»,Просмотрен
u876,1С УЧЕБНОЕ ПОСОБИЕ ДЛЯ ПРОДАВЦОВ-КАССИРОВ,Просмотрен
u876,СКРИПТЫ ПО сервисам магазина,Просмотрен
u876,Учебное пособие Домашняя техника,Просмотрен
u345,Словарь терминов,Просмотрен
u345,СКРИПТЫ: спец проект,Просмотрен
u345,"Демонстрационная презентация ""Последние веяния в технике""",Просмотрен
u345,Просмотр результатов мероприятия,Просмотрен
u345,Демонстрационная презентация,Просмотрен
u1492,Учебное пособие для Управляющих: «Обеспечение и контроль деятельности магазина»,Просмотрен
u1004,Учебное пособие для Управляющих: «Обеспечение и контроль деятельности магазина»,Просмотрен
u175,Учебное пособие для Управляющих: «Обеспечение и контроль деятельности магазина»,Просмотрен
u515,Стандарты работы с Клиентами,Просмотрен
u1456,Учебное пособие для Управляющих: «Обеспечение и контроль деятельности магазина»,Просмотрен
u515,Прохождение оценочной процедуры на портале Oбучения,Просмотрен
u515,ФОРУМ_КАК ПОЛЬЗОВАТЬСЯ,Просмотрен
u515,СПАСИБО ОТ СБЕРБАНКА,Просмотрен
u515,Учебное пособие 1С Заявки на платеж,Просмотрен
u515,Вентиляторы,Просмотрен
u515,Запуск теста на Портале обучения,Просмотрен
u515,Скрипты по презентации товара,Просмотрен
u1422,Учебное пособие для Управляющих: «Обеспечение и контроль деятельности магазина»,Просмотрен
u515,1С_БЮДЖЕТИРОВАНИЕ,Просмотрен
u515,Утюги и аксессуары для глажки,Просмотрен
u515,"Учебное пособие ""электроника для начинающих""",Просмотрен
u515,Инструкция по работе с партнерской программой лояльности СПАСИБО от Сбербанка,Просмотрен
u515,Учебное пособие «Компания Чайникофф»,Просмотрен
u515,Каталог программ обучения,Просмотрен
u2119,Учебное пособие для Управляющих: «Обеспечение и контроль деятельности магазина»,Просмотрен
u1298,Учебное пособие для Управляющих: «Обеспечение и контроль деятельности магазина»,Просмотрен
u1695,Учебное пособие для Управляющих: «Обеспечение и контроль деятельности магазина»,Просмотрен
u91,Учебное пособие для Управляющих: «Обеспечение и контроль деятельности магазина»,Просмотрен
u822,Вентиляторы,Просмотрен
u822,СКРИПТЫ спец проект,Просмотрен
u822,Соковыжималки,Просмотрен
u822,Ассортимент,Просмотрен
u194,Учебное пособие для Управляющих: «Обеспечение и контроль деятельности магазина»,Просмотрен
u1851,Учебное пособие для Управляющих: «Обеспечение и контроль деятельности магазина»,Просмотрен
u822,Тостеры,Просмотрен
u822,Памятка «Взаимодействие магазин – мастерская»,Просмотрен
u58,Учебное пособие для Управляющих: «Обеспечение и контроль деятельности магазина»,Просмотрен
u1088,Учебное пособие для Управляющих: «Обеспечение и контроль деятельности магазина»,Просмотрен
u824,Учебное пособие для Управляющих: «Обеспечение и контроль деятельности магазина»,Просмотрен
u15,Учебное пособие для Управляющих: «Обеспечение и контроль деятельности магазина»,Просмотрен
u822,Технология  демонстрации оборудования,Просмотрен
u1211,Учебное пособие для Управляющих: «Обеспечение и контроль деятельности магазина»,Просмотрен
u799,Учебное пособие для Управляющих: «Обеспечение и контроль деятельности магазина»,Просмотрен
u1403,Планшеты,Просмотрен
u1403,Подать заявку,Просмотрен
u1403,Прохождение оценочной процедуры на портале Oбучения,Просмотрен
u1403,Согласование заявок,Просмотрен
u167,Учебное пособие для Управляющих: «Обеспечение и контроль деятельности магазина»,Просмотрен
u1981,Учебное пособие для Управляющих: «Обеспечение и контроль деятельности магазина»,Просмотрен
u417,Просмотр результатов мероприятия,Просмотрен
u417,ФОРУМ_КАК ПОЛЬЗОВАТЬСЯ,Просмотрен
u1422,Учебное пособие по диагностике техники,Просмотрен
u417,Прохождение оценочной процедуры на портале Oбучения,Просмотрен
u417,Запуск теста на Портале обучения,Просмотрен
u417,Панель руководителя-Тесты,Просмотрен
u417,Портал обучения и развития Подать заявку,Просмотрен
u926,Аналитическая служба,Просмотрен
u926,"Проект ""Система постоянного развития""",Просмотрен
u926,Grammar_to be,Просмотрен
u926,СТАТЬЯ: Речь как индикатор личности.,Просмотрен
u269,Учебное пособие по диагностике техники,Просмотрен
u1359,Учебное пособие по диагностике техники,Просмотрен
u1088,Учебное пособие по диагностике техники,Просмотрен
u1329,Учебное пособие по диагностике техники,Просмотрен
u271,Учебное пособие по диагностике техники,Просмотрен
u39,Учебное пособие «Клиентские сервисы»,Просмотрен
u39,ПОРЯДОК ОРГАНИЗАЦИИ КОРПОРАТИВНОГО ОБУЧЕНИЯ,Просмотрен
u1919,Учебное пособие по диагностике техники,Просмотрен
u990,Инструкция «Мерчендайзинг»,Просмотрен
u1391,УЧЕБНОЕ ПОСОБИЕ «ИНДИВИДУАЛЬНЫЙ ЗАКАЗ»,Просмотрен
u961,Учебное пособие для директоров магазинов «Управление безопасностью магазина»,Просмотрен
u81,Учебное пособие Основы работы в SV-кассир,Просмотрен
u1371,Демонстрационная презентация,Просмотрен
u1371,"Демонстрационная презентация ""Последние веяния в технике""",Просмотрен
u443,Заполнение результатов аттестации сотрудников,Просмотрен
u443,СТАТЬЯ: Речь как индикатор личности.,Просмотрен
u65,СТАТЬЯ: Речь как индикатор личности.,Просмотрен
u175,Учебное пособие Основы работы в SV-кассир,Просмотрен
u65,СТАТЬЯ: 25 правил продаж,Просмотрен
u1422,Учебное пособие Основы работы в SV-кассир,Просмотрен
u272,СТАТЬЯ: Локус контроля и бизнес-результат - где связь.,Просмотрен
u1372,Вентиляторы,Просмотрен
u46,СТАТЬЯ: Локус контроля и бизнес-результат - где связь.,Просмотрен
u1305,Ученый курс для Управляющих «Сопровождение проверок»,Просмотрен
u1083,СТАТЬЯ: Успешный руководитель: что он собой представляет?,Просмотрен
u927,СТАТЬЯ: Успешный руководитель: что он собой представляет?,Просмотрен
u49,СТАТЬЯ: Успешный руководитель: что он собой представляет?,Просмотрен
u106,Технология  демонстрации оборудования,Просмотрен
u106,Скрипты (ШОУРУМ),Просмотрен
u106,Скрипты по презентации товара,Просмотрен
u147,Создание вебинара или мероприятия через веб интерфейс,Просмотрен
u106,Инструкция «Мерчендайзинг»,Просмотрен
u1463,Кофемашины,Просмотрен
u387,Создание вебинара или мероприятия через веб интерфейс,Просмотрен
u1463,Учебное пособие «Сервисы Компании кредит и рассрочка»,Просмотрен
u1463,Дизайнерские чайники,Просмотрен
u421,Создание вебинара или мероприятия через веб интерфейс,Просмотрен
u1402,Скрипты: работа с возражениями,Просмотрен
u1463,Учебное пособие «Обеспечение безопасности магазина»,Просмотрен
u1463,Учебное пособие «Клиентский сервис»,Просмотрен
u1463,Учебный курс «Стандарты качества Чайникофф»,Просмотрен
u1463,Технология  демонстрации оборудования,Просмотрен
u1463,СКРИПТЫ ПО сервисам магазина,Просмотрен
u1463,ПАМЯТКА «ИЗДЕЛИЯ ИМПОРТНОГО ПРОИЗВОДСТВА»,Просмотрен
u1463,СКРИПТЫ спец проект,Просмотрен
u1463,Учебное пособие «Клиентские сервисы»,Просмотрен
u515,Скрипты: работа с возражениями,Просмотрен
u1463,Скрипты по презентации товара,Просмотрен
u1463,Памятка «Взаимодействие магазин – мастерская»,Просмотрен
u1463,Учебное пособие «Компания Чайникофф»,Просмотрен
u1463,Учебное пособие «Схемотехника»,Просмотрен
u1463,Учебное пособие «Чайники»,Просмотрен
u1463,"Учебное пособие ""электроника для начинающих""",Просмотрен
u1463,Ассортимент,Просмотрен
u828,Скрипты: работа с возражениями,Просмотрен
u1463,Учебное пособие «Клиентские сервисы»,Просмотрен
u1463,Скрипты (ШОУРУМ),Просмотрен
u1463,Тостеры,Просмотрен
u200,Скрипты: работа с возражениями,Просмотрен
u175,Скрипты: работа с возражениями,Просмотрен
u1829,Ассортимент,Просмотрен
u1422,Скрипты: работа с возражениями,Просмотрен
u38,Скрипты: работа с возражениями,Просмотрен
u1829,Тостеры,Просмотрен
u1829,Планшеты,Просмотрен
u1829,Соковыжималки,Просмотрен
u1829,Фены,Просмотрен
u1829,Технология  демонстрации оборудования,Просмотрен
u1829,Стиральные машины и наборы для стирки,Просмотрен
u1849,Скрипты: работа с возражениями,Просмотрен
u230,1С УЧЕБНОЕ ПОСОБИЕ ДЛЯ ПРОДАВЦОВ-КАССИРОВ,Просмотрен
u230,Учебное пособие Домашняя техника,Просмотрен
u828,Фены,Просмотрен
u828,Тостеры,Просмотрен
u828,СТАТЬЯ: 25 правил продаж,Просмотрен
u110,Скрипты: работа с возражениями,Просмотрен
u1872,Скрипты: работа с возражениями,Просмотрен
u1128,Скрипты: работа с возражениями,Просмотрен
u828,СТАТЬЯ: Речь как индикатор личности.,Просмотрен
u828,Технология  демонстрации оборудования,Просмотрен
u828,Вентиляторы,Просмотрен
u828,Скрипты по презентации товара,Просмотрен
u1301,Основы работы на кассовом аппарате Штрих-Мини-К,Просмотрен
u828,Соковыжималки,Просмотрен
u1231,Основы работы на кассовом аппарате Штрих-Мини-К,Просмотрен
u1476,Основы работы на кассовом аппарате Штрих-Мини-К,Просмотрен
u1981,Основы работы на кассовом аппарате Штрих-Мини-К,Просмотрен
u1469,Вентиляторы,Просмотрен
u1469,"Демонстрационная презентация ""Последние веяния в технике""",Просмотрен
u948,скрипты Tefal,Просмотрен
u81,Основы работы на кассовом аппарате Штрих-Мини-К,Просмотрен
u81,Инструкция «Мерчендайзинг»,Просмотрен
u1927,Основы работы в Программе SV кассир,Просмотрен
u1310,Учебное пособие «Компания Чайникофф»,Просмотрен
u783,Основы работы в Программе SV кассир,Просмотрен
u1805,Основы работы в Программе SV кассир,Просмотрен
u515,ИСТРУКЦИЯ 1С УПРАВЛЕНИЕ ФИНАНСАМИ: «Работа с авансовыми отчетами для сотрудников ЦО»,Просмотрен
u824,ИСТРУКЦИЯ 1С УПРАВЛЕНИЕ ФИНАНСАМИ: «Работа с авансовыми отчетами для сотрудников ЦО»,Просмотрен
u503,Дизайнерские чайники,Просмотрен
u640,ИСТРУКЦИЯ 1С УПРАВЛЕНИЕ ФИНАНСАМИ: «Работа с авансовыми отчетами для сотрудников ЦО»,Просмотрен
u503,Стиральные машины и наборы для стирки,Просмотрен
u503,Тостеры,Просмотрен
u503,Планшеты,Просмотрен
u503,скрипты Tefal,Просмотрен
u503,Коллекции,Просмотрен
u503,Ассортимент,Просмотрен
u503,Учебное пособие Домашняя техника,Просмотрен
u1589,Учебное пособие для директоров магазинов «Управление безопасностью магазина»,Просмотрен
u1589,Учебное пособие для Управляющих Корректировка товарного запаса,Просмотрен
u1589,Ученый курс для Управляющих «Сопровождение проверок»,Просмотрен
u1323,Технология  демонстрации оборудования,Просмотрен
u1323,Инструкция «Мерчендайзинг»,Просмотрен
u189,Запуск теста на Портале обучения,Просмотрен
u189,Каталог программ обучения,Просмотрен
u1492,СКРИПТЫ спец проект,Просмотрен
u1492,Новая панель руководителя,Просмотрен
u1492,УЧЕБНОЕ ПОСОБИЕ ДЛЯ УПРАВЛЯЮЩИХ «РАБОТА С ЭЛЕКТРОННЫМ ДОКУМЕНТООБОРОТОМ»,Просмотрен
u1492,Учебное пособие для Управляющих Корректировка товарного запаса,Просмотрен
u1492,Скрипты (ШОУРУМ),Просмотрен
u1492,ПАМЯТКА «ИЗДЕЛИЯ ИМПОРТНОГО ПРОИЗВОДСТВА»,Просмотрен
u1492,Инструкция «Мерчендайзинг»,Просмотрен
u1492,Учебный курс для Управляющих «Бюджетирование»,Просмотрен
u1492,Учебное пособие для Управляющих «Юридическое сопровождение магазина»,Просмотрен
u1492,Учебное пособие «Чайники»,Просмотрен
u1492,Ученый курс для Управляющих «Сопровождение проверок»,Просмотрен
u1492,Учебное пособие для Управляющих «Маркетинг»,Просмотрен
u1492,ИНСТРУКЦИЯ ДЛЯ УПРАВЛЯЮЩИХ «РАБОТА В ПРОГРАММЕ 1С ДОКУМЕНТООБОРОТ»,Просмотрен
u1492,Учебное пособие для директоров магазинов «Управление безопасностью магазина»,Просмотрен
u1810,СПАСИБО ОТ СБЕРБАНКА,Просмотрен
u1002,Вентиляторы,Просмотрен
u200,СКРИПТЫ спец проект,Просмотрен
u200,Учебный курс «Стандарты качества Чайникофф»,Просмотрен
u200,Скрипты по презентации товара,Просмотрен
u766,Дизайнерские чайники,Просмотрен
u766,Демонстрационная презентация продукта Чайникофф,Просмотрен
u766,"Демонстрационная презентация ""Последние веяния в технике""",Просмотрен
u531,Учебное пособие «Компания Чайникофф»,Просмотрен
u879,1С УЧЕБНОЕ ПОСОБИЕ ДЛЯ ПРОДАВЦОВ-КАССИРОВ,Просмотрен
u1004,Think before you meet.,Просмотрен
u1004,Ученый курс для Управляющих «Сопровождение проверок»,Просмотрен
u1004,What Makes an Effective Executive,Просмотрен
u1004,The world rediscovers its love for accessories,Просмотрен
u1004,Conditional sentences,Просмотрен
u1004,Rase to reclaim market share,Просмотрен
u1004,Classic appeal boosts export,Просмотрен
u1004,article 8,Просмотрен
u789,Новая панель руководителя,Просмотрен
u789,Прохождение оценочной процедуры на портале Oбучения,Просмотрен
u789,Запуск теста на Портале обучения,Просмотрен
u789,ФОРУМ_КАК ПОЛЬЗОВАТЬСЯ,Просмотрен
u789,Учебное пособие «Компания Чайникофф»,Просмотрен
u789,Подать заявку,Просмотрен
u789,Просмотр результатов мероприятия,Просмотрен
u789,Панель руководителя-Тесты,Просмотрен
u146,Панель руководителя-Тесты,Просмотрен
u1951,Учебное пособие «Компания Чайникофф»,Просмотрен
u2060,Скрипты по презентации товара,Просмотрен
u2060,Недякин Искренний сервис (ознакомительный фрагмент),Просмотрен
u2060,Технология  демонстрации оборудования,Просмотрен
u2060,ПАМЯТКА «ИЗДЕЛИЯ ИМПОРТНОГО ПРОИЗВОДСТВА»,Просмотрен
u2060,СТАТЬЯ: Речь как индикатор личности.,Просмотрен
u2060,Тостеры,Просмотрен
u2060,Что такое постановка целей по SMART,Просмотрен
u2060,Статья: 7 возрастов руководителя.,Просмотрен
u2060,Коллекции,Просмотрен
u2060,СКРИПТЫ спец проект,Просмотрен
u1605,СТАТЬЯ: Речь как индикатор личности.,Просмотрен
u1357,Учебное пособие «Компания Чайникофф»,Просмотрен
u1375,СКРИПТЫ: спец проект,Просмотрен
u853,СТАТЬЯ: 25 правил продаж,Просмотрен
u853,Работа с вебинаром виртуального класса,Просмотрен
u853,Коллекции,Просмотрен
u853,Тостеры,Просмотрен
u264,Инструкция «Мерчендайзинг»,Просмотрен
u690,Демонстрацинная презентация Как подобрать продукт клиенту,Просмотрен
u690,Учебное пособие Домашняя техника,Просмотрен
u690,Каталог программ обучения,Просмотрен
u845,Учебное пособие «Компания Чайникофф»,Просмотрен
u1608,Forbes_Life,Просмотрен
u37,ФОРУМ_КАК ПОЛЬЗОВАТЬСЯ,Просмотрен
u37,Панель руководителя-Тесты,Просмотрен
u37,Запуск теста на Портале обучения,Просмотрен
u37,Прохождение оценочной процедуры на портале Oбучения,Просмотрен
u1706,Инструкция «Мерчендайзинг»,Просмотрен
u1706,Учебное пособие «Чайники»,Просмотрен
u1706,Скрипты по презентации товара,Просмотрен
u1706,скрипты Tefal,Просмотрен
u1706,ПАМЯТКА «ИЗДЕЛИЯ ИМПОРТНОГО ПРОИЗВОДСТВА»,Просмотрен
u1582,СКРИПТЫ ПО сервисам магазина,Просмотрен
u1582,Планшеты,Просмотрен
u1582,Учебное пособие для Управляющих Маркетинг,Просмотрен
u1582,Учебное пособие «Клиентские сервисы»,Просмотрен
u1582,Учебное пособие «Клиентский сервис»,Просмотрен
u1582,ПАМЯТКА «ИЗДЕЛИЯ ИМПОРТНОГО ПРОИЗВОДСТВА»,Просмотрен
u1582,Памятка «Взаимодействие магазин – мастерская»,Просмотрен
u1582,Учебное пособие Домашняя техника,Просмотрен
u1582,Стиральные машины и наборы для стирки,Просмотрен
u1582,Коллекции,Просмотрен
u1582,Кофемашины,Просмотрен
u1582,Учебное пособие «Компания Чайникофф»,Просмотрен
u1582,Учебное пособие «Клиентские сервисы»,Просмотрен
u1582,Скрипты (ШОУРУМ),Просмотрен
u1582,Учебное пособие «Чайники»,Просмотрен
u1582,Скрипты по позиционированию бренда,Просмотрен
u1582,Стандарты работы с Клиентами,Просмотрен
u1582,Технология  демонстрации оборудования,Просмотрен
u1582,Инструкция «Мерчендайзинг»,Просмотрен
u1582,Бизнес-тренинг для продавцов,Просмотрен
u175,Учебное пособие для Управляющих «Юридическое сопровождение магазина»,Просмотрен
u175,Учебное пособие «Обеспечение безопасности магазина»,Просмотрен
u175,ПАМЯТКА «ИЗДЕЛИЯ ИМПОРТНОГО ПРОИЗВОДСТВА»,Просмотрен
u175,Технология  демонстрации оборудования,Просмотрен
u175,Скрипты (ШОУРУМ),Просмотрен
u175,1С УЧЕБНОЕ ПОСОБИЕ ДЛЯ ПРОДАВЦОВ-КАССИРОВ,Просмотрен
u175,"Учебное пособие ""электроника для начинающих""",Просмотрен
u1456,Учебное пособие для Управляющих Корректировка товарного запаса,Просмотрен
u1456,СКРИПТЫ: спец проект,Просмотрен
u1456,Ученый курс для Управляющих «Сопровождение проверок»,Просмотрен
u1456,Учебное пособие для Управляющих «Юридическое сопровождение магазина»,Просмотрен
u1456,Скрипты по презентации товара,Просмотрен
u1456,Коллекции,Просмотрен
u1406,Учебное пособие для Управляющих Маркетинг,Просмотрен
u1406,Инструкция по работе с УЗВ,Просмотрен
u1406,Учебное пособие «Компания Чайникофф»,Просмотрен
u1964,Запуск теста на Портале обучения,Просмотрен
u1964,Тостеры,Просмотрен
u578,Учебное пособие Домашняя техника,Просмотрен
u1799,Коллекции,Просмотрен
u1799,Дизайнерские чайники,Просмотрен
u1799,Тостеры,Просмотрен
u47,Учебное пособие «Компания Чайникофф»,Просмотрен
u1494,How are you,Просмотрен
u1083,Дизайнерские чайники,Просмотрен
u1083,СТАТЬЯ: Речь как индикатор личности.,Просмотрен
u1440,Скрипты по презентации товара,Просмотрен
u995,1С УЧЕБНОЕ ПОСОБИЕ ДЛЯ ПРОДАВЦОВ-КАССИРОВ,Просмотрен
u995,Тостеры,Просмотрен
u995,Вентиляторы,Просмотрен
u995,Стиральные машины и наборы для стирки,Просмотрен
u995,Стандарты работы с Клиентами,Просмотрен
u995,Учебное пособие «Компания Чайникофф»,Просмотрен
u995,Учебное пособие «Обеспечение безопасности магазина»,Просмотрен
u995,Соковыжималки,Просмотрен
u995,Инструкция по раскладке товара,Просмотрен
u995,Дизайнерские чайники,Просмотрен
u995,Презентация товара,Просмотрен
u995,Учебное пособие Домашняя техника,Просмотрен
u582,Просмотр результатов мероприятия,Просмотрен
u865,Демонстрационная презентация Tefal,Просмотрен
u544,СТАТЬЯ: Управляем по-взрослому,Просмотрен
u831,Наклейки,Просмотрен
u831,Подарки,Просмотрен
u831,Ассортимент ноутбуков,Просмотрен
u831,Скрипты (ШОУРУМ),Просмотрен
u831,Дизайнерские чайники,Просмотрен
u831,Фены,Просмотрен
u831,Бытовая техника,Просмотрен
u831,ПАМЯТКА «ИЗДЕЛИЯ ИМПОРТНОГО ПРОИЗВОДСТВА»,Просмотрен
u831,Ассортимент,Просмотрен
u831,Тостеры,Просмотрен
u831,Вентиляторы,Просмотрен
u831,Технология  демонстрации оборудования,Просмотрен
u831,Учебное пособие «Клиентские сервисы»,Просмотрен
u831,Стиральные машины и наборы для стирки,Просмотрен
u831,Планшеты,Просмотрен
u831,Смартфоны,Просмотрен
u1422,Учебное пособие «Клиентский сервис»,Просмотрен
u1422,Учебное пособие «Схемотехника»,Просмотрен
u1422,Технология  демонстрации оборудования,Просмотрен
u1422,СКРИПТЫ ПО сервисам магазина,Просмотрен
u1422,Спавочник: Список рекомендуемой литературы,Просмотрен
u1422,Учебное пособие для директоров магазинов «Управление безопасностью магазина»,Просмотрен
u1422,Памятка «Взаимодействие магазин – мастерская»,Просмотрен
u1422,1С УЧЕБНОЕ ПОСОБИЕ ДЛЯ ПРОДАВЦОВ-КАССИРОВ,Просмотрен
u1422,ПАМЯТКА «ИЗДЕЛИЯ ИМПОРТНОГО ПРОИЗВОДСТВА»,Просмотрен
u1422,Программа Спасибо от Сбербанка,Просмотрен
u1422,Учебное пособие для Управляющих Корректировка товарного запаса,Просмотрен
u1422,Учебное пособие «Компания Чайникофф»,Просмотрен
u1422,Планшеты,Просмотрен
u1422,Учебное пособие «Клиентские сервисы»,Просмотрен
u1422,Учебный курс «Стандарты качества Чайникофф»,Просмотрен
u1422,Инструкция «Мерчендайзинг»,Просмотрен
u1422,Учебное пособие «Обеспечение безопасности магазина»,Просмотрен
u1422,Каталог программ обучения,Просмотрен
u1422,СКРИПТЫ спец проект,Просмотрен
u1422,Кофемашины,Просмотрен
u1422,Учебное пособие Домашняя техника,Просмотрен
u1422,Скидочные карты,Просмотрен
u1422,ПОРЯДОК ОРГАНИЗАЦИИ КОРПОРАТИВНОГО ОБУЧЕНИЯ,Просмотрен
u1422,Учебное пособие «Сервисы Компании кредит и рассрочка»,Просмотрен
u1422,Учебное пособие «Клиентские сервисы»,Просмотрен
u1422,Скрипты по презентации товара,Просмотрен
u1422,Учебное пособие «Чайники»,Просмотрен
u1422,Фены,Просмотрен
u1422,"Учебное пособие ""электроника для начинающих""",Просмотрен
u1422,"Форматы магазинов ""Чайникофф""",Просмотрен
u1422,Скрипты (ШОУРУМ),Просмотрен
u147,Запуск теста на Портале обучения,Просмотрен
u147,Скрипты (ШОУРУМ),Просмотрен
u147,СКРИПТЫ: спец проект,Просмотрен
u147,Новая панель руководителя,Просмотрен
u147,УЧЕБНОЕ ПОСОБИЕ ДЛЯ УПРАВЛЯЮЩИХ «РАБОТА С ЭЛЕКТРОННЫМ ДОКУМЕНТООБОРОТОМ»,Просмотрен
u147,Русско-английский разговорник продавца,Просмотрен
u147,Согласование заявок,Просмотрен
u147,Панель руководителя-Тесты,Просмотрен
u147,Countries & nationalities,Просмотрен
u147,Grammar_to be,Просмотрен
u147,Назначение теста и курса,Просмотрен
u269,Памятка «Взаимодействие магазин – мастерская»,Просмотрен
u269,ПАМЯТКА «ИЗДЕЛИЯ ИМПОРТНОГО ПРОИЗВОДСТВА»,Просмотрен
u269,Скрипты по презентации товара,Просмотрен
u109,скрипты Tefal,Просмотрен
u1811,СКРИПТЫ спец проект,Просмотрен
u387,Запуск теста на Портале обучения,Просмотрен
u387,Работа с вебинаром виртуального класса,Просмотрен
u1652,Бизнес-тренинг для продавцов,Просмотрен
u1652,Подарки,Просмотрен
u210,Скрипты (ШОУРУМ),Просмотрен
u210,скрипты Tefal,Просмотрен
u111,"Учебное пособие ""электроника для начинающих""",Просмотрен
u1345,Учебное пособие «Чайники»,Просмотрен
u1345,Учебное пособие «Компания Чайникофф»,Просмотрен
u1941,Учебное пособие Домашняя техника,Просмотрен
u1941,Рисунок для маркетологов,Просмотрен
u1941,Презентация продукта,Просмотрен
u236,ПАМЯТКА «ИЗДЕЛИЯ ИМПОРТНОГО ПРОИЗВОДСТВА»,Просмотрен
u236,Учебное пособие «Чайники»,Просмотрен
u236,Кофемашины,Просмотрен
u236,СТАТЬЯ: 25 правил продаж,Просмотрен
u882,Что такое постановка целей по SMART,Просмотрен
u957,Стиральные машины и наборы для стирки,Просмотрен
u957,Тостеры,Просмотрен
u957,Утюги и аксессуары для глажки,Просмотрен
u957,Дизайнерские чайники,Просмотрен
u634,Инструкция по выкладке товара,Просмотрен
u634,Инструкция по раскладке товара,Просмотрен
u762,Авансовые отчеты,Просмотрен
u762,Вентиляторы,Просмотрен
u762,скрипты Tefal,Просмотрен
u762,СТАТЬЯ: 25 правил продаж,Просмотрен
u1593,Тостеры,Просмотрен
u1593,СКРИПТЫ спец проект,Просмотрен
u1849,Учебное пособие «Схемотехника»,Просмотрен
u178,Technical prowess chimes with collectors (part 1),Просмотрен
u933,Дизайнерские чайники,Просмотрен
u933,СТАТЬЯ: Речь как индикатор личности.,Просмотрен
u1717,Демонстрационная презентация продукта Чайникофф,Просмотрен
u1120,Инструкция «Мерчендайзинг»,Просмотрен
u56,Дизайнерские чайники,Просмотрен
u56,Тостеры,Просмотрен
u191,Запуск теста на Портале обучения,Просмотрен
u1942,Учебное пособие Домашняя техника,Просмотрен
u1942,1С УЧЕБНОЕ ПОСОБИЕ ДЛЯ ПРОДАВЦОВ-КАССИРОВ,Просмотрен
u1814,Мотивация на 100%,Просмотрен
u730,Ассортимент ноутбуков,Просмотрен
u730,Вентиляторы,Просмотрен
u730,Учебное пособие 1С Заявки на платеж,Просмотрен
u730,Учебное пособие для Управляющих Корректировка товарного запаса,Просмотрен
u730,Ученый курс для Управляющих «Сопровождение проверок»,Просмотрен
u245,Ученый курс для Управляющих «Сопровождение проверок»,Просмотрен
u1169,Инструкция «Мерчендайзинг»,Просмотрен
u1169,Тостеры,Просмотрен
u1169,Ассортимент,Просмотрен
u1169,Фены,Просмотрен
u1169,Смартфоны,Просмотрен
u133,Часы в ассортименте магазина Чайникофф,Просмотрен
u133,How are you,Просмотрен
u133,Скрипты по презентации товара,Просмотрен
u438,Учебное пособие Домашняя техника,Просмотрен
u438,1С УЧЕБНОЕ ПОСОБИЕ ДЛЯ ПРОДАВЦОВ-КАССИРОВ,Просмотрен
u438,СТАТЬЯ: 25 правил продаж,Просмотрен
u727,Памятка «Взаимодействие магазин – мастерская»,Просмотрен
u1522,1С УЧЕБНОЕ ПОСОБИЕ ДЛЯ ПРОДАВЦОВ-КАССИРОВ,Просмотрен
u1522,Учебное пособие Домашняя техника,Просмотрен
u2087,Ученый курс для Управляющих «Сопровождение проверок»,Просмотрен
u815,Учебное пособие Клиентские сервисы Tefal,Просмотрен
u815,СТАТЬЯ: 25 правил продаж,Просмотрен
u815,Учебное пособие Домашняя техника,Просмотрен
u815,скрипты Tefal,Просмотрен
u820,1С УЧЕБНОЕ ПОСОБИЕ ДЛЯ ПРОДАВЦОВ-КАССИРОВ,Просмотрен
u820,Учебное пособие Домашняя техника,Просмотрен
u820,1С УЧЕБНОЕ ПОСОБИЕ ДЛЯ ПРОДАВЦОВ-КАССИРОВ,Просмотрен
u1972,УЧЕБНОЕ ПОСОБИЕ ДЛЯ УПРАВЛЯЮЩИХ «РАБОТА С ЭЛЕКТРОННЫМ ДОКУМЕНТООБОРОТОМ»,Просмотрен
u1359,Учебное пособие «Компания Чайникофф»,Просмотрен
u699,Стиральные машины и наборы для стирки,Просмотрен
u1365,ИНСТРУКЦИЯ ДЛЯ УПРАВЛЯЮЩИХ «РАБОТА В ПРОГРАММЕ 1С ДОКУМЕНТООБОРОТ»,Просмотрен
u1365,Учебное пособие «Обеспечение безопасности магазина»,Просмотрен
u1365,Подать заявку,Просмотрен
u1365,УЧЕБНОЕ ПОСОБИЕ ДЛЯ УПРАВЛЯЮЩИХ «РАБОТА С ЭЛЕКТРОННЫМ ДОКУМЕНТООБОРОТОМ»,Просмотрен
u1365,Учебное пособие для Управляющих Корректировка товарного запаса,Просмотрен
u1065,article 10,Просмотрен
u1065,article 11,Просмотрен
u1065,article 8,Просмотрен
u525,Соковыжималки,Просмотрен
u525,Инструкция «Мерчендайзинг»,Просмотрен
u306,Скрипты (ШОУРУМ),Просмотрен
u306,Технология  демонстрации оборудования,Просмотрен
u306,СТАТЬЯ: 25 правил продаж,Просмотрен
u306,Заполнение результатов аттестации сотрудников,Просмотрен
u350,Запуск теста на Портале обучения,Просмотрен
u1676,Учебное пособие «Компания Чайникофф»,Просмотрен
u549,Прохождение оценочной процедуры на портале Oбучения,Просмотрен
u1298,УЧЕБНОЕ ПОСОБИЕ ДЛЯ УПРАВЛЯЮЩИХ «РАБОТА С ЭЛЕКТРОННЫМ ДОКУМЕНТООБОРОТОМ»,Просмотрен
u1298,Учебный курс для Управляющих «Бюджетирование»,Просмотрен
u1298,Демонстрационная презентация Tefal,Просмотрен
u1298,скрипты Tefal,Просмотрен
u110,Скрипты по презентации товара,Просмотрен
u110,Скрипты (ШОУРУМ),Просмотрен
u110,Учебное пособие Домашняя техника,Просмотрен
u12,Grammar_Adverbs,Просмотрен
u804,СТАТЬЯ: Речь как индикатор личности.,Просмотрен
u804,Вентиляторы,Просмотрен
u804,Инструкция «Мерчендайзинг»,Просмотрен
u804,Коллекции,Просмотрен
u804,Подарки,Просмотрен
u804,СКРИПТЫ спец проект,Просмотрен
u804,Учебное пособие «Обеспечение безопасности магазина»,Просмотрен
u907,Учебное пособие «Клиентские сервисы»,Просмотрен
u907,Учебное пособие «Клиентский сервис»,Просмотрен
u907,Скрипты по презентации товара,Просмотрен
u907,Учебное пособие «Компания Чайникофф»,Просмотрен
u907,Учебное пособие для Управляющих «Маркетинг»,Просмотрен
u1177,Учебное пособие для Управляющих «Маркетинг»,Просмотрен
u1548,Памятка «Взаимодействие магазин – мастерская»,Просмотрен
u1872,Коллекции,Просмотрен
u1872,Наклейки,Просмотрен
u1872,Подарки,Просмотрен
u1872,СТАТЬЯ: 25 правил продаж,Просмотрен
u746,Авансовые отчеты,Просмотрен
u1391,"Учебное пособие ""электроника для начинающих""",Просмотрен
u1391,Учебное пособие «Компания Чайникофф»,Просмотрен
u1424,Стандарты работы с Клиентами,Просмотрен
u1424,Коллекции,Просмотрен
u1424,Фены,Просмотрен
u1424,Тостеры,Просмотрен
u1424,СПАСИБО ОТ СБЕРБАНКА,Просмотрен
u1424,Памятка «Взаимодействие магазин – мастерская»,Просмотрен
u1424,Смартфоны,Просмотрен
u1424,Технология  демонстрации оборудования,Просмотрен
u1424,Бытовая техника,Просмотрен
u1424,СКРИПТЫ спец проект,Просмотрен
u1424,Часы в ассортименте магазина Чайникофф,Просмотрен
u1424,Скрипты (ШОУРУМ),Просмотрен
u1424,ПАМЯТКА «ИЗДЕЛИЯ ИМПОРТНОГО ПРОИЗВОДСТВА»,Просмотрен
u1424,СКРИПТЫ ПО сервисам магазина,Просмотрен
u1424,Подарки,Просмотрен
u1424,Дизайнерские чайники,Просмотрен
u1424,Учебное пособие «Чайники»,Просмотрен
u1424,Инструкция по работе с партнерской программой лояльности СПАСИБО от Сбербанка,Просмотрен
u1424,Ассортимент,Просмотрен
u1424,Часы АТЛАНТИК,Просмотрен
u1424,Вентиляторы,Просмотрен
u287,ФОРУМ_КАК ПОЛЬЗОВАТЬСЯ,Просмотрен
u1734,Бытовая техника,Просмотрен
u564,Инструкция «Мерчендайзинг»,Просмотрен
u564,ПАМЯТКА «ИЗДЕЛИЯ ИМПОРТНОГО ПРОИЗВОДСТВА»,Просмотрен
u564,Скрипты по презентации товара,Просмотрен
u564,Учебное пособие «Клиентские сервисы»,Просмотрен
u564,Учебное пособие «Сервисы Компании кредит и рассрочка»,Просмотрен
u564,Учебное пособие «Клиентский сервис»,Просмотрен
u564,Учебное пособие «Компания Чайникофф»,Просмотрен
u1801,Стандарты работы с Клиентами,Просмотрен
u1801,Учебное пособие Домашняя техника,Просмотрен
u1801,Утюги и аксессуары для глажки,Просмотрен
u1801,1С УЧЕБНОЕ ПОСОБИЕ ДЛЯ ПРОДАВЦОВ-КАССИРОВ,Просмотрен
u889,Просмотр результатов мероприятия,Просмотрен
u889,Панель руководителя-Тесты,Просмотрен
u889,Учебное пособие «Схемотехника»,Просмотрен
u889,Подать заявку,Просмотрен
u889,Прохождение оценочной процедуры на портале Oбучения,Просмотрен
u889,Запуск теста на Портале обучения,Просмотрен
u889,Новая панель руководителя,Просмотрен
u2027,Запуск теста на Портале обучения,Просмотрен
u2027,Учебное пособие для Управляющих «Маркетинг»,Просмотрен
u2027,Стандарты работы с Клиентами,Просмотрен
u2027,ФОРУМ_КАК ПОЛЬЗОВАТЬСЯ,Просмотрен
u2027,Изменение кодировки.,Просмотрен
u1695,Технология  демонстрации оборудования,Просмотрен
u1695,Памятка «Взаимодействие магазин – мастерская»,Просмотрен
u1695,Что такое постановка целей по SMART,Просмотрен
u1695,Служба продаж,Просмотрен
u1623,Вентиляторы,Просмотрен
u1383,Планшеты,Просмотрен
u1383,Инструкция «Мерчендайзинг»,Просмотрен
u1383,Тостеры,Просмотрен
u1383,"Демонстрационная презентация ""Последние веяния в технике""",Просмотрен
u1383,Демонстрационная презентация телефоны,Просмотрен
u8,Основы работы на кассовом аппарате Чайникофф,Просмотрен
u8,ПАМЯТКА «ИЗДЕЛИЯ ИМПОРТНОГО ПРОИЗВОДСТВА»,Просмотрен
u1686,ПАМЯТКА «ИЗДЕЛИЯ ИМПОРТНОГО ПРОИЗВОДСТВА»,Просмотрен
u335,Подать заявку,Просмотрен
u335,Работа с вебинаром виртуального класса,Просмотрен
u335,Заполнение результатов аттестации сотрудников,Просмотрен
u335,Просмотр результатов мероприятия,Просмотрен
u1974,Просмотр результатов мероприятия,Просмотрен
u1974,ФОРУМ_КАК ПОЛЬЗОВАТЬСЯ,Просмотрен
u1974,Прохождение оценочной процедуры на портале Oбучения,Просмотрен
u724,Forbes 09.2015,Просмотрен
u421,Как добавить сотрудника в состав участника мероприятия,Просмотрен
u421,Работа с вебинаром виртуального класса,Просмотрен
u421,Заполнение результатов аттестации сотрудников,Просмотрен
u421,Демонстрационная презентация дисконтные карты,Просмотрен
u902,1С УЧЕБНОЕ ПОСОБИЕ ДЛЯ ПРОДАВЦОВ-КАССИРОВ,Просмотрен
u902,Учебное пособие Домашняя техника,Просмотрен
u1958,Скрипты (ШОУРУМ),Просмотрен
u1958,ФОРУМ_КАК ПОЛЬЗОВАТЬСЯ,Просмотрен
u1958,Запуск теста на Портале обучения,Просмотрен
u1958,Назначение теста и курса,Просмотрен
u1958,Изменение кодировки.,Просмотрен
u1958,Планшеты,Просмотрен
u2021,Основы работы на кассовом аппарате Штрих-Мини-К,Просмотрен
u2021,Ученый курс для Управляющих «Сопровождение проверок»,Просмотрен
u2021,Технология  демонстрации оборудования,Просмотрен
u2021,ПАМЯТКА «ИЗДЕЛИЯ ИМПОРТНОГО ПРОИЗВОДСТВА»,Просмотрен
u1291,Кофемашины,Просмотрен
u1291,Тостеры,Просмотрен
u1291,1С УЧЕБНОЕ ПОСОБИЕ ДЛЯ ПРОДАВЦОВ-КАССИРОВ,Просмотрен
u1291,Учебное пособие Домашняя техника,Просмотрен
u1291,Программа Спасибо от Сбербанка,Просмотрен
u1291,Памятка «Взаимодействие магазин – мастерская»,Просмотрен
u1291,"Учебное пособие ""электроника для начинающих""",Просмотрен
u1291,Дизайнерские чайники,Просмотрен
u1291,Учебное пособие «Обеспечение безопасности магазина»,Просмотрен
u1291,Скрипты по презентации товара,Просмотрен
u1291,Инструкция «Мерчендайзинг»,Просмотрен
u1291,Стандарты работы с Клиентами,Просмотрен
u1291,Фены,Просмотрен
u1993,Учебное пособие Домашняя техника,Просмотрен
u1993,Учебное пособие для Управляющих «Маркетинг»,Просмотрен
u1993,Ученый курс для Управляющих «Сопровождение проверок»,Просмотрен
u1993,ИНСТРУКЦИЯ ДЛЯ УПРАВЛЯЮЩИХ «РАБОТА В ПРОГРАММЕ 1С ДОКУМЕНТООБОРОТ»,Просмотрен
u91,"Демонстрационная презентация ""Последние веяния в технике""",Просмотрен
u1361,Прохождение оценочной процедуры на портале Oбучения,Просмотрен
u769,Учебное пособие «Клиентские сервисы»,Просмотрен
u769,Скрипты по презентации товара,Просмотрен
u1328,"Учебное пособие ""электроника для начинающих""",Просмотрен
u1328,Скрипты по презентации товара,Просмотрен
u1328,Учебное пособие «Схемотехника»,Просмотрен
u1328,Учебное пособие «Компания Чайникофф»,Просмотрен
u1328,Учебное пособие «Чайники»,Просмотрен
u209,Тостеры,Просмотрен
u209,"Учебное пособие ""электроника для начинающих""",Просмотрен
u209,СПАСИБО ОТ СБЕРБАНКА,Просмотрен
u2070,Фены,Просмотрен
u2070,Планшеты,Просмотрен
u49,Скрипты (ШОУРУМ),Просмотрен
u49,Памятка «Взаимодействие магазин – мастерская»,Просмотрен
u49,СТАТЬЯ: 25 правил продаж,Просмотрен
u529,Учебное пособие Клиентские сервисы Tefal,Просмотрен
u529,ИНСТРУКЦИЯ ДЛЯ УПРАВЛЯЮЩИХ «РАБОТА В ПРОГРАММЕ 1С ДОКУМЕНТООБОРОТ»,Просмотрен
u529,Учебный курс для Управляющих «Бюджетирование»,Просмотрен
u529,Учебное пособие «Клиентские сервисы»,Просмотрен
u168,Тостеры,Просмотрен
u168,Технология  демонстрации оборудования,Просмотрен
u168,Ученый курс для Управляющих «Сопровождение проверок»,Просмотрен
u168,Дизайнерские чайники,Просмотрен
u2091,СТАТЬЯ: Управляем по-взрослому,Просмотрен
u113,Коллекции,Просмотрен
u1128,1С_БЮДЖЕТИРОВАНИЕ,Просмотрен
u1621,Учебное пособие «Компания Чайникофф»,Просмотрен
u194,УЧЕБНОЕ ПОСОБИЕ ДЛЯ УПРАВЛЯЮЩИХ «РАБОТА С ЭЛЕКТРОННЫМ ДОКУМЕНТООБОРОТОМ»,Просмотрен
u194,СТАТЬЯ: 25 правил продаж,Просмотрен
u776,ИНСТРУКЦИЯ ДЛЯ УПРАВЛЯЮЩИХ «РАБОТА В ПРОГРАММЕ 1С ДОКУМЕНТООБОРОТ»,Просмотрен
u637,Запуск теста на Портале обучения,Просмотрен
u637,Прохождение оценочной процедуры на портале Oбучения,Просмотрен
u838,1С УЧЕБНОЕ ПОСОБИЕ ДЛЯ ПРОДАВЦОВ-КАССИРОВ,Просмотрен
u567,Учебное пособие Домашняя техника,Просмотрен
u567,1С УЧЕБНОЕ ПОСОБИЕ ДЛЯ ПРОДАВЦОВ-КАССИРОВ,Просмотрен
u1407,летняя акция,Просмотрен
u1407,Учебное пособие «Компания Чайникофф»,Просмотрен
u85,Подать заявку,Просмотрен
u849,СПАСИБО ОТ СБЕРБАНКА,Просмотрен
u1696,СПАСИБО ОТ СБЕРБАНКА,Просмотрен
u1696,Инструкция по работе с партнерской программой лояльности СПАСИБО от Сбербанка,Просмотрен
u1696,Программа Спасибо от Сбербанка,Просмотрен
u1913,СКРИПТЫ спец проект,Просмотрен
u1588,Инструкция «Мерчендайзинг»,Просмотрен
u1588,Учебное пособие для директоров магазинов «Управление безопасностью магазина»,Просмотрен
u1588,"Учебное пособие ""электроника для начинающих""",Просмотрен
u1299,Памятка «Взаимодействие магазин – мастерская»,Просмотрен
u1629,скрипты Tefal,Просмотрен
u1629,Бытовая техника,Просмотрен
u1482,Часы в ассортименте магазина Чайникофф,Просмотрен
u1482,Соковыжималки,Просмотрен
u1482,Вентиляторы,Просмотрен
u1482,Учебное пособие «Чайники»,Просмотрен
u1482,Ассортимент,Просмотрен
u1482,Учебное пособие «Компания Чайникофф»,Просмотрен
u1482,Ассортимент ноутбуков,Просмотрен
u1482,Учебное пособие «Обеспечение безопасности магазина»,Просмотрен
u1482,СКРИПТЫ спец проект,Просмотрен
u1482,Учебное пособие «Схемотехника»,Просмотрен
u58,Вентиляторы,Просмотрен
u58,УЧЕБНОЕ ПОСОБИЕ ДЛЯ УПРАВЛЯЮЩИХ «РАБОТА С ЭЛЕКТРОННЫМ ДОКУМЕНТООБОРОТОМ»,Просмотрен
u58,Ассортимент ноутбуков,Просмотрен
u58,Тостеры,Просмотрен
u58,Стиральные машины и наборы для стирки,Просмотрен
u565,СКРИПТЫ: спец проект,Просмотрен
u1088,Учебное пособие для Управляющих Корректировка товарного запаса,Просмотрен
u1088,Технология  демонстрации оборудования,Просмотрен
u1088,How are you,Просмотрен
u1088,Скрипты по презентации товара,Просмотрен
u1088,Учебное пособие «Сервисы Компании кредит и рассрочка»,Просмотрен
u1088,Что такое постановка целей по SMART,Просмотрен
u824,Учебное пособие «Обеспечение безопасности магазина»,Просмотрен
u824,УЧЕБНОЕ ПОСОБИЕ ДЛЯ УПРАВЛЯЮЩИХ «РАБОТА С ЭЛЕКТРОННЫМ ДОКУМЕНТООБОРОТОМ»,Просмотрен
u824,Скрипты (ШОУРУМ),Просмотрен
u824,Учебное пособие «Клиентские сервисы»,Просмотрен
u824,Учебное пособие для Управляющих Корректировка товарного запаса,Просмотрен
u824,ИНСТРУКЦИЯ ДЛЯ УПРАВЛЯЮЩИХ «РАБОТА В ПРОГРАММЕ 1С ДОКУМЕНТООБОРОТ»,Просмотрен
u824,ПАМЯТКА «ИЗДЕЛИЯ ИМПОРТНОГО ПРОИЗВОДСТВА»,Просмотрен
u824,Словарь терминов,Просмотрен
u824,Технология  демонстрации оборудования,Просмотрен
u824,Учебное пособие для Управляющих «Юридическое сопровождение магазина»,Просмотрен
u260,Демонстрационная презентация знакомство с брэндами,Просмотрен
u260,Демонстрационная презентация,Просмотрен
u260,"Демонстрационная презентация ""Последние веяния в технике""",Просмотрен
u344,Учебное пособие «Компания Чайникофф»,Просмотрен
u344,Планшеты,Просмотрен
u344,Коллекции,Просмотрен
u395,Технология  демонстрации оборудования,Просмотрен
u395,Тостеры,Просмотрен
u395,Ассортимент,Просмотрен
u395,Коллекции,Просмотрен
u395,Дизайнерские чайники,Просмотрен
u395,Часы в ассортименте магазина Чайникофф,Просмотрен
u395,Стиральные машины и наборы для стирки,Просмотрен
u1697,Учебное пособие «Компания Чайникофф»,Просмотрен
u2112,Учебное пособие «Компания Чайникофф»,Просмотрен
u1160,Статья: 7 возрастов руководителя.,Просмотрен
u2065,Бизнес-тренинг для продавцов,Просмотрен
u2065,Прохождение оценочной процедуры на портале Oбучения,Просмотрен
u2065,Панель руководителя-Тесты,Просмотрен
u15,Учебное пособие для Управляющих Маркетинг,Просмотрен
u15,Презентация товара,Просмотрен
u15,Учебное пособие для директоров магазинов «Управление безопасностью магазина»,Просмотрен
u15,Ученый курс для Управляющих «Сопровождение проверок»,Просмотрен
u15,Учебное пособие для Управляющих «Юридическое сопровождение магазина»,Просмотрен
u15,Инструкция «Мерчендайзинг»,Просмотрен
u15,ИНСТРУКЦИЯ ДЛЯ УПРАВЛЯЮЩИХ «РАБОТА В ПРОГРАММЕ 1С ДОКУМЕНТООБОРОТ»,Просмотрен
u15,ПОРЯДОК ОРГАНИЗАЦИИ КОРПОРАТИВНОГО ОБУЧЕНИЯ,Просмотрен
u15,ПРОЦЕДУРА ПО ОРГАНИЗАЦИИ И ПРОВЕДЕНИЮ ПОЛЕВОГО ОБУЧЕНИЯ ДЛЯ СОТРУДНИКОВ СЛУЖБЫ ПРОДАЖ,Просмотрен
u15,Учебное пособие для Управляющих Корректировка товарного запаса,Просмотрен
u15,1С УЧЕБНОЕ ПОСОБИЕ ДЛЯ ПРОДАВЦОВ-КАССИРОВ,Просмотрен
u15,Учебный курс для Управляющих «Бюджетирование»,Просмотрен
u15,Учебное пособие Домашняя техника,Просмотрен
u2015,Учебное пособие Домашняя техника,Просмотрен
u451,Учебное пособие «Клиентские сервисы»,Просмотрен
u451,Учебное пособие «Сервисы Компании кредит и рассрочка»,Просмотрен
u451,Кофемашины,Просмотрен
u451,Тостеры,Просмотрен
u451,Учебное пособие «Клиентские сервисы»,Просмотрен
u451,Каталог программ обучения,Просмотрен
u469,СКРИПТЫ спец проект,Просмотрен
u469,Фены,Просмотрен
u469,Тостеры,Просмотрен
u550,Скрипты (ШОУРУМ),Просмотрен
u550,Учебное пособие «Компания Чайникофф»,Просмотрен
u662,1С УЧЕБНОЕ ПОСОБИЕ ДЛЯ ПРОДАВЦОВ-КАССИРОВ,Просмотрен
u662,1С_БЮДЖЕТИРОВАНИЕ,Просмотрен
u662,Авансовые отчеты,Просмотрен
u662,УЧЕБНОЕ ПОСОБИЕ ДЛЯ УПРАВЛЯЮЩИХ «РАБОТА С ЭЛЕКТРОННЫМ ДОКУМЕНТООБОРОТОМ»,Просмотрен
u422,Вентиляторы,Просмотрен
u422,Технология  демонстрации оборудования,Просмотрен
u422,Соковыжималки,Просмотрен
u422,Памятка «Взаимодействие магазин – мастерская»,Просмотрен
u422,Учебное пособие «Компания Чайникофф»,Просмотрен
u422,Учебное пособие «Обеспечение безопасности магазина»,Просмотрен
u422,ПОРЯДОК ОРГАНИЗАЦИИ КОРПОРАТИВНОГО ОБУЧЕНИЯ,Просмотрен
u422,Инструкция по раскладке товара,Просмотрен
u422,1С УЧЕБНОЕ ПОСОБИЕ ДЛЯ ПРОДАВЦОВ-КАССИРОВ,Просмотрен
u422,Утюги и аксессуары для глажки,Просмотрен
u163,Прохождение оценочной процедуры на портале Oбучения,Просмотрен
u163,ФОРУМ_КАК ПОЛЬЗОВАТЬСЯ,Просмотрен
u163,Запуск теста на Портале обучения,Просмотрен
u163,Портал обучения и развития Подать заявку,Просмотрен
u163,Новая панель руководителя,Просмотрен
u163,Панель руководителя-Тесты,Просмотрен
u163,Просмотр результатов мероприятия,Просмотрен
u1211,Прохождение оценочной процедуры на портале Oбучения,Просмотрен
u1211,Инструкция «Мерчендайзинг»,Просмотрен
u1211,Согласование заявок,Просмотрен
u1211,Вентиляторы,Просмотрен
u1211,Коллекции,Просмотрен
u1211,Подать заявку,Просмотрен
u1211,Просмотр результатов мероприятия,Просмотрен
u1211,Назначение теста и курса,Просмотрен
u1670,Фены,Просмотрен
u1670,Вентиляторы,Просмотрен
u1670,Ассортимент,Просмотрен
u1670,Планшеты,Просмотрен
u1670,Учебное пособие «Клиентские сервисы»,Просмотрен
u1670,Памятка «Взаимодействие магазин – мастерская»,Просмотрен
u1670,ПРОЦЕДУРА ПО ОРГАНИЗАЦИИ И ПРОВЕДЕНИЮ ПОЛЕВОГО ОБУЧЕНИЯ ДЛЯ СОТРУДНИКОВ СЛУЖБЫ ПРОДАЖ,Просмотрен
u1670,Учебное пособие «Компания Чайникофф»,Просмотрен
u1670,Бытовая техника,Просмотрен
u1670,Смартфоны,Просмотрен
u1670,Стиральные машины и наборы для стирки,Просмотрен
u1670,АРТ МОДЕРН,Просмотрен
u1670,Часы в ассортименте магазина Чайникофф,Просмотрен
u1670,Технология  демонстрации оборудования,Просмотрен
u1670,Часы АТЛАНТИК,Просмотрен
u1670,Коллекции,Просмотрен
u459,СПАСИБО ОТ СБЕРБАНКА,Просмотрен
u459,Инструкция «Мерчендайзинг»,Просмотрен
u459,Презентация товара,Просмотрен
u459,Планшеты,Просмотрен
u460,Вентиляторы,Просмотрен
u460,Тостеры,Просмотрен
u460,Дизайнерские чайники,Просмотрен
u460,Ассортимент,Просмотрен
u460,СКРИПТЫ: спец проект,Просмотрен
u427,Скрипты по презентации товара,Просмотрен
u427,Ассортимент,Просмотрен
u427,Вентиляторы,Просмотрен
u427,Скрипты (ШОУРУМ),Просмотрен
u427,Технология  демонстрации оборудования,Просмотрен
u427,Бытовая техника,Просмотрен
u427,Тостеры,Просмотрен
u427,Коллекции,Просмотрен
u427,Стиральные машины и наборы для стирки,Просмотрен
u427,Дизайнерские чайники,Просмотрен
u427,Учебное пособие для Управляющих «Маркетинг»,Просмотрен
u217,Дизайнерские чайники,Просмотрен
u1980,Назначение теста и курса,Просмотрен
u2033,Think before you meet.,Просмотрен
u2033,From Regional Star to Global Leader,Просмотрен
u2033,СТАТЬЯ: Речь как индикатор личности.,Просмотрен
u2033,What Makes an Effective Executive,Просмотрен
u1450,Скрипты (ШОУРУМ),Просмотрен
u1710,Презентация доп к промеж. тестированию,Просмотрен
u1534,Запуск теста на Портале обучения,Просмотрен
u1534,Новая панель руководителя,Просмотрен
u1534,ФОРУМ_КАК ПОЛЬЗОВАТЬСЯ,Просмотрен
u1534,Просмотр результатов мероприятия,Просмотрен
u1534,Панель руководителя-Тесты,Просмотрен
u1534,Подать заявку,Просмотрен
u20,Инструкция «Мерчендайзинг»,Просмотрен
u1499,Каталог программ обучения,Просмотрен
u1499,Коммерческая служба,Просмотрен
u107,СПАСИБО ОТ СБЕРБАНКА,Просмотрен
u1701,ФОРУМ_КАК ПОЛЬЗОВАТЬСЯ,Просмотрен
u390,Заполнение результатов аттестации сотрудников,Просмотрен
u390,Скрипты по презентации товара,Просмотрен
u390,Вентиляторы,Просмотрен
u1190,1С УЧЕБНОЕ ПОСОБИЕ ДЛЯ ПРОДАВЦОВ-КАССИРОВ,Просмотрен
u783,Технология  демонстрации оборудования,Просмотрен
u783,Скрипты (ШОУРУМ),Просмотрен
u783,Учебное пособие Основы безопасности магазина Tefal,Просмотрен
u783,Кофемашины,Просмотрен
u1204,Учебное пособие «Компания Чайникофф»,Просмотрен
u1204,ПАМЯТКА «ИЗДЕЛИЯ ИМПОРТНОГО ПРОИЗВОДСТВА»,Просмотрен
u1204,Инструкция «Мерчендайзинг»,Просмотрен
u1204,Каталог программ обучения,Просмотрен
u1204,Памятка «Взаимодействие магазин – мастерская»,Просмотрен
u912,1С УЧЕБНОЕ ПОСОБИЕ ДЛЯ ПРОДАВЦОВ-КАССИРОВ,Просмотрен
u1867,Дизайнерские чайники,Просмотрен
u1867,How are you,Просмотрен
u1867,Вентиляторы,Просмотрен
u1867,Инструкция по раскладке товара,Просмотрен
u1867,Ассортимент,Просмотрен
u1867,Соковыжималки,Просмотрен
u1867,СКРИПТЫ: спец проект,Просмотрен
u1867,Наклейки,Просмотрен
u645,Коллекции,Просмотрен
u534,Демонстрационная презентация Стандарты внешнего вида Чайникофф,Просмотрен
u534,Демонстрационная презентация Соцпакет,Просмотрен
u534,Демонстрационная презентация продукта Чайникофф,Просмотрен
u1917,Демонстрационная презентация Мерчендайзинг,Просмотрен
u1917,"Демонстрационная презентация ""Последние веяния в технике""",Просмотрен
u1917,Стандарты и Правила обслуживания,Просмотрен
u1917,Демонстрационная презентация,Просмотрен
u1917,Демонстрационная презентация Соцпакет,Просмотрен
u1917,Демонстрационная презентация продукта Чайникофф,Просмотрен
u1917,Демонстрационная презентация АССОРТИМЕНТ,Просмотрен
u771,Учебное пособие «Чайники»,Просмотрен
u1219,Учебное пособие Домашняя техника,Просмотрен
u1123,Инструкция по работе с УЗВ,Просмотрен
u1123,Статья: 7 возрастов руководителя.,Просмотрен
u334,Планшеты,Просмотрен
u334,Русско-английский разговорник продавца,Просмотрен
u334,Учебное пособие для Управляющих «Юридическое сопровождение магазина»,Просмотрен
u334,Учебный курс «Стандарты качества Чайникофф»,Просмотрен
u334,Учебное пособие «Компания Чайникофф»,Просмотрен
u334,Памятка «Взаимодействие магазин – мастерская»,Просмотрен
u334,СКРИПТЫ ПО сервисам магазина,Просмотрен
u334,Технология  демонстрации оборудования,Просмотрен
u334,Скрипты (ШОУРУМ),Просмотрен
u334,ПАМЯТКА «ИЗДЕЛИЯ ИМПОРТНОГО ПРОИЗВОДСТВА»,Просмотрен
u334,Словарь терминов,Просмотрен
u334,СТАТЬЯ: 25 правил продаж,Просмотрен
u334,Учебное пособие «Сервисы Компании кредит и рассрочка»,Просмотрен
u334,Инструкция «Мерчендайзинг»,Просмотрен
u334,СКРИПТЫ спец проект,Просмотрен
u320,Учебное пособие «Компания Чайникофф»,Просмотрен
u1367,1С_БЮДЖЕТИРОВАНИЕ,Просмотрен
u1367,Запуск теста на Портале обучения,Просмотрен
u1333,Стиральные машины и наборы для стирки,Просмотрен
u442,How are you,Просмотрен
u1416,Дизайнерские чайники,Просмотрен
u1416,Инструкция «Мерчендайзинг»,Просмотрен
u1416,Стиральные машины и наборы для стирки,Просмотрен
u1416,ПАМЯТКА «ИЗДЕЛИЯ ИМПОРТНОГО ПРОИЗВОДСТВА»,Просмотрен
u1416,Технология  демонстрации оборудования,Просмотрен
u1416,Тостеры,Просмотрен
u1416,Кофемашины,Просмотрен
u1416,СКРИПТЫ: спец проект,Просмотрен
u719,Тостеры,Просмотрен
u719,Скрипты (ШОУРУМ),Просмотрен
u719,Дизайнерские чайники,Просмотрен
u719,Вентиляторы,Просмотрен
u719,Ассортимент,Просмотрен
u719,СКРИПТЫ спец проект,Просмотрен
u242,Портал обучения и развития Подать заявку,Просмотрен
u242,Панель руководителя-Тесты,Просмотрен
u242,Запуск теста на Портале обучения,Просмотрен
u2096,Учебное пособие «Чайники»,Просмотрен
u2096,Учебное пособие «Компания Чайникофф»,Просмотрен
u144,What Makes an Effective Executive,Просмотрен
u144,Скрипты (ШОУРУМ),Просмотрен
u144,How are you,Просмотрен
u144,Think before you meet.,Просмотрен
u799,Учебное пособие для Управляющих Корректировка товарного запаса,Просмотрен
u225,Назначение теста и курса,Просмотрен
u225,Запуск теста на Портале обучения,Просмотрен
u1355,Авансовые отчеты,Просмотрен
u1355,Словарь терминов,Просмотрен
u1355,ПОРЯДОК ОРГАНИЗАЦИИ КОРПОРАТИВНОГО ОБУЧЕНИЯ,Просмотрен
u1355,Запуск теста на Портале обучения,Просмотрен
u1229,Скрипты (ШОУРУМ),Просмотрен
u1681,Ассортимент ноутбуков,Просмотрен
u1681,"Учебное пособие ""электроника для начинающих""",Просмотрен
u1681,Тостеры,Просмотрен
u1681,Учебное пособие Домашняя техника,Просмотрен
u1948,Учебное пособие «Обеспечение безопасности магазина»,Просмотрен
u1948,Памятка «Взаимодействие магазин – мастерская»,Просмотрен
u1948,Учебное пособие «Схемотехника»,Просмотрен
u1948,"Учебное пособие ""электроника для начинающих""",Просмотрен
u1948,Скрипты по презентации товара,Просмотрен
u1948,Основы работы на кассовом аппарате Штрих-Мини-К,Просмотрен
u1948,Учебное пособие Домашняя техника,Просмотрен
u1948,Учебное пособие «Компания Чайникофф»,Просмотрен
u1231,Запуск теста на Портале обучения,Просмотрен
u1231,"Учебное пособие ""электроника для начинающих""",Просмотрен
u1231,Учебный курс «Стандарты качества Чайникофф»,Просмотрен
u1231,СКРИПТЫ ПО сервисам магазина,Просмотрен
u388,Инструкция по раскладке товара,Просмотрен
u388,Ассортимент,Просмотрен
u388,Инструкция по выкладке товара,Просмотрен
u388,Фены,Просмотрен
u388,Тостеры,Просмотрен
u388,Презентация товара,Просмотрен
u388,Оборудование Apple,Просмотрен
u388,1С УЧЕБНОЕ ПОСОБИЕ ДЛЯ ПРОДАВЦОВ-КАССИРОВ,Просмотрен
u388,Смартфоны,Просмотрен
u388,Дизайнерские чайники,Просмотрен
u388,Стандарты работы с Клиентами,Просмотрен
u388,Учебное пособие Домашняя техника,Просмотрен
u1502,Технология  демонстрации оборудования,Просмотрен
u1502,ПОРЯДОК ОРГАНИЗАЦИИ КОРПОРАТИВНОГО ОБУЧЕНИЯ,Просмотрен
u1503,Стиральные машины и наборы для стирки,Просмотрен
u1360,ПАМЯТКА «ИЗДЕЛИЯ ИМПОРТНОГО ПРОИЗВОДСТВА»,Просмотрен
u136,Учебное пособие «Клиентские сервисы»,Просмотрен
u136,ИНСТРУКЦИЯ ДЛЯ УПРАВЛЯЮЩИХ «РАБОТА В ПРОГРАММЕ 1С ДОКУМЕНТООБОРОТ»,Просмотрен
u167,Утюги и аксессуары для глажки,Просмотрен
u167,Ассортимент,Просмотрен
u167,Основы работы на кассовом аппарате Штрих-Мини-К,Просмотрен
u167,Тостеры,Просмотрен
u167,УЧЕБНОЕ ПОСОБИЕ ДЛЯ УПРАВЛЯЮЩИХ «РАБОТА С ЭЛЕКТРОННЫМ ДОКУМЕНТООБОРОТОМ»,Просмотрен
u167,Дизайнерские чайники,Просмотрен
u167,Учебный курс «Стандарты качества Чайникофф»,Просмотрен
u167,Подать заявку,Просмотрен
u1468,Forbes_Life,Просмотрен
u1468,скрипты Tefal,Просмотрен
u1471,Прохождение оценочной процедуры на портале Oбучения,Просмотрен
u1535,Статья: 7 возрастов руководителя.,Просмотрен
u1920,СТАТЬЯ: 25 правил продаж,Просмотрен
u1920,Технология  демонстрации оборудования,Просмотрен
u1063,"Учебное пособие ""электроника для начинающих""",Просмотрен
u1063,Вентиляторы,Просмотрен
u1063,Заполнение результатов аттестации сотрудников,Просмотрен
u1063,Учебное пособие «Схемотехника»,Просмотрен
u1063,Дизайнерские чайники,Просмотрен
u1063,Учебное пособие «Чайники»,Просмотрен
u1063,Учебное пособие «Компания Чайникофф»,Просмотрен
u1063,Технология  демонстрации оборудования,Просмотрен
u1294,"Учебное пособие ""электроника для начинающих""",Просмотрен
u1295,СПАСИБО ОТ СБЕРБАНКА,Просмотрен
u30,Учебное пособие Домашняя техника,Просмотрен
u30,1С УЧЕБНОЕ ПОСОБИЕ ДЛЯ ПРОДАВЦОВ-КАССИРОВ,Просмотрен
u1949,Учебное пособие «Клиентские сервисы»,Просмотрен
u1990,Что такое постановка целей по SMART,Просмотрен
u1990,СКРИПТЫ ПО сервисам магазина,Просмотрен
u643,Учебное пособие «Клиентские сервисы»,Просмотрен
u643,Учебное пособие «Компания Чайникофф»,Просмотрен
u643,Учебное пособие «Клиентский сервис»,Просмотрен
u643,Учебное пособие «Клиентские сервисы»,Просмотрен
u1423,Запуск теста на Портале обучения,Просмотрен
u1261,Ассортимент,Просмотрен
u1261,Дизайнерские чайники,Просмотрен
u825,Часы в ассортименте магазина Чайникофф,Просмотрен
u825,Кофемашины,Просмотрен
u825,Учебное пособие «Сервисы Компании кредит и рассрочка»,Просмотрен
u825,Учебное пособие «Компания Чайникофф»,Просмотрен
u825,Учебный курс «Стандарты качества Чайникофф»,Просмотрен
u825,Учебное пособие «Клиентские сервисы»,Просмотрен
u1805,Общий отдел,Просмотрен
u1805,Служба продаж,Просмотрен
u1805,Онлайн сервисы Чайникофф,Просмотрен
u1805,Скрипты (ШОУРУМ),Просмотрен
u1805,Коллекции,Просмотрен
u1805,УЧЕБНОЕ ПОСОБИЕ ДЛЯ УПРАВЛЯЮЩИХ «РАБОТА С ЭЛЕКТРОННЫМ ДОКУМЕНТООБОРОТОМ»,Просмотрен
u1805,Смартфоны,Просмотрен
u1805,Отдел корпоративных продаж,Просмотрен
u1805,Демонстрационная презентация Tefal,Просмотрен
u1805,Наклейки,Просмотрен
u1805,Департамент управления проектами,Просмотрен
u1805,Планово-производственный отдел,Просмотрен
u1805,Тостеры,Просмотрен
u1805,Дизайнерские чайники,Просмотрен
u1805,Тонкая электроника,Просмотрен
u1805,Подарки,Просмотрен
u1805,Демонстрационная презентация Мотивационная модель,Просмотрен
u1805,"Проект ""Система постоянного развития""",Просмотрен
u1805,Демонстрационная презентация АССОРТИМЕНТ,Просмотрен
u1805,"Форматы магазинов ""Чайникофф""",Просмотрен
u1805,Принципы ремонта техники,Просмотрен
u1805,Планшеты,Просмотрен
u1805,Департамент безопасности,Просмотрен
u1805,Презентация продукта,Просмотрен
u1805,Департамент оптовых продаж,Просмотрен
u1805,Юридический отдел,Просмотрен
u1805,Стиральные машины и наборы для стирки,Просмотрен
u1805,Аналитическая служба,Просмотрен
u1805,Соковыжималки,Просмотрен
u1805,Вентиляторы,Просмотрен
u1805,Инструкция по раскладке товара,Просмотрен
u1805,Департамент логистики,Просмотрен
u1805,Департамент информационных технологий,Просмотрен
u1805,СКРИПТЫ спец проект,Просмотрен
u1805,Портал обучения и развития персонала,Просмотрен
u1805,Ассортимент,Просмотрен
u1805,Бытовая техника,Просмотрен
u1805,Ассортимент ноутбуков,Просмотрен
u1805,Демонстрационная презентация Компания Philips,Просмотрен
u1805,Инструкция по выкладке товара,Просмотрен
u939,Что такое постановка целей по SMART,Просмотрен
u939,Каталог программ обучения,Просмотрен
u1853,СКРИПТЫ спец проект,Просмотрен
u1853,Вентиляторы,Просмотрен
u935,Коллекции,Просмотрен
u760,Дизайнерские чайники,Просмотрен
u760,летняя акция,Просмотрен
u760,Вентиляторы,Просмотрен
u2051,1С УЧЕБНОЕ ПОСОБИЕ ДЛЯ ПРОДАВЦОВ-КАССИРОВ,Просмотрен
u2051,Учебное пособие Домашняя техника,Просмотрен
u641,Прохождение оценочной процедуры на портале Oбучения,Просмотрен
u750,ФОРУМ_КАК ПОЛЬЗОВАТЬСЯ,Просмотрен
u622,Наклейки,Просмотрен
u622,Коллекции,Просмотрен
u358,Тостеры,Просмотрен
u183,Подать заявку,Просмотрен
u183,Прохождение оценочной процедуры на портале Oбучения,Просмотрен
u1828,Учебное пособие Домашняя техника,Просмотрен
u1791,Памятка «Взаимодействие магазин – мастерская»,Просмотрен
u1956,скрипты Tefal,Просмотрен
u1956,Планшеты,Просмотрен
u1956,Подарки,Просмотрен
u1956,Демонстрационная презентация Соцпакет,Просмотрен
u1981,Учебное пособие для Управляющих «Маркетинг»,Просмотрен
u1981,Учебный курс для Управляющих «Бюджетирование»,Просмотрен
u1981,Ученый курс для Управляющих «Сопровождение проверок»,Просмотрен
u784,Учебное пособие «Компания Чайникофф»,Просмотрен
u784,Ученый курс для Управляющих «Сопровождение проверок»,Просмотрен
u1844,Тостеры,Просмотрен
u1574,Учебное пособие «Компания Чайникофф»,Просмотрен
u1574,Учебное пособие «Сервисы Компании кредит и рассрочка»,Просмотрен
u1574,"Учебное пособие ""электроника для начинающих""",Просмотрен
u2077,СТАТЬЯ: Речь как индикатор личности.,Просмотрен
u1332,ПАМЯТКА «ИЗДЕЛИЯ ИМПОРТНОГО ПРОИЗВОДСТВА»,Просмотрен
u2107,Дизайнерские чайники,Просмотрен
u2107,Тостеры,Просмотрен
u2107,СПАСИБО ОТ СБЕРБАНКА,Просмотрен
u2107,Наклейки,Просмотрен
u2107,Утюги и аксессуары для глажки,Просмотрен
u2107,Технология  демонстрации оборудования,Просмотрен
u2107,Вентиляторы,Просмотрен
u2107,СКРИПТЫ: спец проект,Просмотрен
u2107,Ассортимент,Просмотрен
u2107,Бытовая техника,Просмотрен
u2107,летняя акция,Просмотрен
u2107,СКРИПТЫ спец проект,Просмотрен
u2107,Фены,Просмотрен
u2107,Планшеты,Просмотрен
u1335,Учебный курс «Стандарты качества Чайникофф»,Просмотрен
u1335,Учебное пособие «Клиентский сервис»,Просмотрен
u1335,Учебное пособие «Компания Чайникофф»,Просмотрен
u1289,How are you,Просмотрен
u1859,Prepositions AT IN ON,Просмотрен
u1859,How are you,Просмотрен
u1859,Time,Просмотрен
u688,СТАТЬЯ: Речь как индикатор личности.,Просмотрен
u229,1С УЧЕБНОЕ ПОСОБИЕ ДЛЯ ПРОДАВЦОВ-КАССИРОВ,Просмотрен
u229,ПОРЯДОК ОРГАНИЗАЦИИ КОРПОРАТИВНОГО ОБУЧЕНИЯ,Просмотрен
u383,Заполнение результатов аттестации сотрудников,Просмотрен