u787	Коллекции	10.0
u553	Учебное пособие Домашняя техника	10.0
u553	1С УЧЕБНОЕ ПОСОБИЕ ДЛЯ ПРОДАВЦОВ-КАССИРОВ	10.0
u941	Назначение теста и курса	10.0
u1422	Основы работы на кассовом аппарате Штрих-Мини-К	10.0
u1695	Основы работы на кассовом аппарате Штрих-Мини-К	10.0
u1463	Учебное пособие программы лояльности	10.0
u941	Стандарты работы с Клиентами	10.0
u941	Технология  демонстрации оборудования	10.0
u1582	Учебное пособие программы лояльности	10.0
u941	Демонстрационная презентация Соцпакет	10.0
u1855	Демонстрационная презентация знакомство с брэндами	10.0
u1855	Демонстрацинная презентация Как подобрать продукт клиенту	10.0
u1440	Учебное пособие программы лояльности	10.0
u1855	Демонстрационная презентация дисконтные карты	10.0
u1855	Стандарты и Правила обслуживания	10.0
u1855	Учебное пособие 1С Заявки на платеж	10.0
u1855	Демонстрационная презентация АССОРТИМЕНТ	10.0
u1855	Демонстрационная презентация телефоны	10.0
u1855	Демонстрационная презентация Мотивационная модель	10.0
u1855	Демонстрационная презентация Соцпакет	10.0
u1422	Учебное пособие программы лояльности	10.0
u1391	Учебное пособие программы лояльности	10.0
u564	Учебное пособие программы лояльности	10.0
u624	Учебное пособие программы лояльности	10.0
u1670	Учебное пособие программы лояльности	10.0
u1710	Учебное пособие программы лояльности	10.0
u334	Учебное пособие программы лояльности	10.0
u1948	Учебное пособие программы лояльности	10.0
u825	Учебное пособие программы лояльности	10.0
u913	Учебное пособие Домашняя техника	10.0
u913	1С_БЮДЖЕТИРОВАНИЕ	10.0
u1492	Учебное пособие для Управляющих «Проведение инвентаризации и переоценки ТМЦ»	10.0
u1402	Секрет фирмы 	10.0
u1402	Скрипты (ШОУРУМ)	10.0
u175	Учебное пособие для Управляющих «Проведение инвентаризации и переоценки ТМЦ»	10.0
u1402	СКРИПТЫ спец проект	10.0
u1402	Скрипты по презентации товара	10.0
u1402	Подарки	10.0
u1402	Планшеты	10.0
u25	Недякин Искренний сервис (ознакомительный фрагмент)	10.0
u612	Учебное пособие для Управляющих «Проведение инвентаризации и переоценки ТМЦ»	10.0
u1553	Как добавить сотрудника в состав участника мероприятия	10.0
u470	Запуск теста на Портале обучения	10.0
u470	Назначение теста и курса	10.0
u1762	Демонстрацинная презентация Как подобрать продукт клиенту	10.0
u1422	Учебное пособие для Управляющих «Проведение инвентаризации и переоценки ТМЦ»	10.0
u1686	Учебное пособие для Управляющих «Проведение инвентаризации и переоценки ТМЦ»	10.0
u1106	Учебное пособие для Управляющих «Проведение инвентаризации и переоценки ТМЦ»	10.0
u58	Учебное пособие для Управляющих «Проведение инвентаризации и переоценки ТМЦ»	10.0
u824	Учебное пособие для Управляющих «Проведение инвентаризации и переоценки ТМЦ»	10.0
u1455	Скрипты по презентации товара	10.0
u1995	Учебное пособие для Управляющих «Проведение инвентаризации и переоценки ТМЦ»	10.0
u15	Учебное пособие для Управляющих «Проведение инвентаризации и переоценки ТМЦ»	10.0
u1589	Учебное пособие для Управляющих: «Обеспечение и контроль деятельности магазина»	10.0
u876	1С УЧЕБНОЕ ПОСОБИЕ ДЛЯ ПРОДАВЦОВ-КАССИРОВ	10.0
u876	СКРИПТЫ ПО сервисам магазина	10.0
u876	Учебное пособие Домашняя техника	10.0
u345	Словарь терминов	10.0
u345	СКРИПТЫ: спец проект	10.0
u345	"Демонстрационная презентация ""Последние веяния в технике"""	10.0
u345	Просмотр результатов мероприятия	10.0
u345	Демонстрационная презентация	10.0
u1492	Учебное пособие для Управляющих: «Обеспечение и контроль деятельности магазина»	10.0
u1004	Учебное пособие для Управляющих: «Обеспечение и контроль деятельности магазина»	10.0
u175	Учебное пособие для Управляющих: «Обеспечение и контроль деятельности магазина»	10.0
u515	Стандарты работы с Клиентами	10.0
u1456	Учебное пособие для Управляющих: «Обеспечение и контроль деятельности магазина»	10.0
u515	Прохождение оценочной процедуры на портале Oбучения	10.0
u515	ФОРУМ_КАК ПОЛЬЗОВАТЬСЯ	10.0
u515	СПАСИБО ОТ СБЕРБАНКА	10.0
u515	Учебное пособие 1С Заявки на платеж	10.0
u515	Вентиляторы	10.0
u515	Запуск теста на Портале обучения	10.0
u515	Скрипты по презентации товара	10.0
u1422	Учебное пособие для Управляющих: «Обеспечение и контроль деятельности магазина»	10.0
u515	1С_БЮДЖЕТИРОВАНИЕ	10.0
u515	Утюги и аксессуары для глажки	10.0
u515	"Учебное пособие ""электроника для начинающих"""	10.0
u515	Инструкция по работе с партнерской программой лояльности СПАСИБО от Сбербанка	10.0
u515	Учебное пособие «Компания Чайникофф»	10.0
u515	Каталог программ обучения	10.0
u2119	Учебное пособие для Управляющих: «Обеспечение и контроль деятельности магазина»	10.0
u1298	Учебное пособие для Управляющих: «Обеспечение и контроль деятельности магазина»	10.0
u1695	Учебное пособие для Управляющих: «Обеспечение и контроль деятельности магазина»	10.0
u91	Учебное пособие для Управляющих: «Обеспечение и контроль деятельности магазина»	10.0
u822	Вентиляторы	10.0
u822	СКРИПТЫ спец проект	10.0
u822	Соковыжималки	10.0
u822	Ассортимент	10.0
u194	Учебное пособие для Управляющих: «Обеспечение и контроль деятельности магазина»	10.0
u1851	Учебное пособие для Управляющих: «Обеспечение и контроль деятельности магазина»	10.0
u822	Тостеры	10.0
u822	Памятка «Взаимодействие магазин – мастерская»	10.0
u58	Учебное пособие для Управляющих: «Обеспечение и контроль деятельности магазина»	10.0
u1088	Учебное пособие для Управляющих: «Обеспечение и контроль деятельности магазина»	10.0
u824	Учебное пособие для Управляющих: «Обеспечение и контроль деятельности магазина»	10.0
u15	Учебное пособие для Управляющих: «Обеспечение и контроль деятельности магазина»	10.0
u822	Технология  демонстрации оборудования	10.0
u1211	Учебное пособие для Управляющих: «Обеспечение и контроль деятельности магазина»	10.0
u799	Учебное пособие для Управляющих: «Обеспечение и контроль деятельности магазина»	10.0
u1403	Планшеты	10.0
u1403	Подать заявку	10.0
u1403	Прохождение оценочной процедуры на портале Oбучения	10.0
u1403	Согласование заявок	10.0
u167	Учебное пособие для Управляющих: «Обеспечение и контроль деятельности магазина»	10.0
u1981	Учебное пособие для Управляющих: «Обеспечение и контроль деятельности магазина»	10.0
u417	Просмотр результатов мероприятия	10.0
u417	ФОРУМ_КАК ПОЛЬЗОВАТЬСЯ	10.0
u1422	Учебное пособие по диагностике техники	10.0
u417	Прохождение оценочной процедуры на портале Oбучения	10.0
u417	Запуск теста на Портале обучения	10.0
u417	Панель руководителя-Тесты	10.0
u417	Портал обучения и развития Подать заявку	10.0
u926	Аналитическая служба	10.0
u926	"Проект ""Система постоянного развития"""	10.0
u926	Grammar_to be	10.0
u926	СТАТЬЯ: Речь как индикатор личности.	10.0
u269	Учебное пособие по диагностике техники	10.0
u1359	Учебное пособие по диагностике техники	10.0
u1088	Учебное пособие по диагностике техники	10.0
u1329	Учебное пособие по диагностике техники	10.0
u271	Учебное пособие по диагностике техники	10.0
u39	Учебное пособие «Клиентские сервисы»	10.0
u39	ПОРЯДОК ОРГАНИЗАЦИИ КОРПОРАТИВНОГО ОБУЧЕНИЯ	10.0
u1919	Учебное пособие по диагностике техники	10.0
u990	Инструкция «Мерчендайзинг»	10.0
u1391	УЧЕБНОЕ ПОСОБИЕ «ИНДИВИДУАЛЬНЫЙ ЗАКАЗ»	10.0
u961	Учебное пособие для директоров магазинов «Управление безопасностью магазина»	10.0
u81	Учебное пособие Основы работы в SV-кассир	10.0
u1371	Демонстрационная презентация	10.0
u1371	"Демонстрационная презентация ""Последние веяния в технике"""	10.0
u443	Заполнение результатов аттестации сотрудников	10.0
u443	СТАТЬЯ: Речь как индикатор личности.	10.0
u65	СТАТЬЯ: Речь как индикатор личности.	10.0
u175	Учебное пособие Основы работы в SV-кассир	10.0
u65	СТАТЬЯ: 25 правил продаж	10.0
u1422	Учебное пособие Основы работы в SV-кассир	10.0
u272	СТАТЬЯ: Локус контроля и бизнес-результат - где связь.	10.0
u1372	Вентиляторы	10.0
u46	СТАТЬЯ: Локус контроля и бизнес-результат - где связь.	10.0
u1305	Ученый курс для Управляющих «Сопровождение проверок»	10.0
u1083	СТАТЬЯ: Успешный руководитель: что он собой представляет?	10.0
u927	СТАТЬЯ: Успешный руководитель: что он собой представляет?	10.0
u49	СТАТЬЯ: Успешный руководитель: что он собой представляет?	10.0
u106	Технология  демонстрации оборудования	10.0
u106	Скрипты (ШОУРУМ)	10.0
u106	Скрипты по презентации товара	10.0
u147	Создание вебинара или мероприятия через веб интерфейс	10.0
u106	Инструкция «Мерчендайзинг»	10.0
u1463	Кофемашины	10.0
u387	Создание вебинара или мероприятия через веб интерфейс	10.0
u1463	Учебное пособие «Сервисы Компании кредит и рассрочка»	10.0
u1463	Дизайнерские чайники	10.0
u421	Создание вебинара или мероприятия через веб интерфейс	10.0
u1402	Скрипты: работа с возражениями	10.0
u1463	Учебное пособие «Обеспечение безопасности магазина»	10.0
u1463	Учебное пособие «Клиентский сервис»	10.0
u1463	Учебный курс «Стандарты качества Чайникофф»	10.0
u1463	Технология  демонстрации оборудования	10.0
u1463	СКРИПТЫ ПО сервисам магазина	10.0
u1463	ПАМЯТКА «ИЗДЕЛИЯ ИМПОРТНОГО ПРОИЗВОДСТВА»	10.0
u1463	СКРИПТЫ спец проект	10.0
u1463	Учебное пособие «Клиентские сервисы»	10.0
u515	Скрипты: работа с возражениями	10.0
u1463	Скрипты по презентации товара	10.0
u1463	Памятка «Взаимодействие магазин – мастерская»	10.0
u1463	Учебное пособие «Компания Чайникофф»	10.0
u1463	Учебное пособие «Схемотехника»	10.0
u1463	Учебное пособие «Чайники»	10.0
u1463	"Учебное пособие ""электроника для начинающих"""	10.0
u1463	Ассортимент	10.0
u828	Скрипты: работа с возражениями	10.0
u1463	Учебное пособие «Клиентские сервисы»	10.0
u1463	Скрипты (ШОУРУМ)	10.0
u1463	Тостеры	10.0
u200	Скрипты: работа с возражениями	10.0
u175	Скрипты: работа с возражениями	10.0
u1829	Ассортимент	10.0
u1422	Скрипты: работа с возражениями	10.0
u38	Скрипты: работа с возражениями	10.0
u1829	Тостеры	10.0
u1829	Планшеты	10.0
u1829	Соковыжималки	10.0
u1829	Фены	10.0
u1829	Технология  демонстрации оборудования	10.0
u1829	Стиральные машины и наборы для стирки	10.0
u1849	Скрипты: работа с возражениями	10.0
u230	1С УЧЕБНОЕ ПОСОБИЕ ДЛЯ ПРОДАВЦОВ-КАССИРОВ	10.0
u230	Учебное пособие Домашняя техника	10.0
u828	Фены	10.0
u828	Тостеры	10.0
u828	СТАТЬЯ: 25 правил продаж	10.0
u110	Скрипты: работа с возражениями	10.0
u1872	Скрипты: работа с возражениями	10.0
u1128	Скрипты: работа с возражениями	10.0
u828	СТАТЬЯ: Речь как индикатор личности.	10.0
u828	Технология  демонстрации оборудования	10.0
u828	Вентиляторы	10.0
u828	Скрипты по презентации товара	10.0
u1301	Основы работы на кассовом аппарате Штрих-Мини-К	10.0
u828	Соковыжималки	10.0
u1231	Основы работы на кассовом аппарате Штрих-Мини-К	10.0
u1476	Основы работы на кассовом аппарате Штрих-Мини-К	10.0
u1981	Основы работы на кассовом аппарате Штрих-Мини-К	10.0
u1469	Вентиляторы	10.0
u1469	"Демонстрационная презентация ""Последние веяния в технике"""	10.0
u948	скрипты Tefal	10.0
u81	Основы работы на кассовом аппарате Штрих-Мини-К	10.0
u81	Инструкция «Мерчендайзинг»	10.0
u1927	Основы работы в Программе SV кассир	10.0
u1310	Учебное пособие «Компания Чайникофф»	10.0
u783	Основы работы в Программе SV кассир	10.0
u1805	Основы работы в Программе SV кассир	10.0
u515	ИСТРУКЦИЯ 1С УПРАВЛЕНИЕ ФИНАНСАМИ: «Работа с авансовыми отчетами для сотрудников ЦО»	10.0
u824	ИСТРУКЦИЯ 1С УПРАВЛЕНИЕ ФИНАНСАМИ: «Работа с авансовыми отчетами для сотрудников ЦО»	10.0
u503	Дизайнерские чайники	10.0
u640	ИСТРУКЦИЯ 1С УПРАВЛЕНИЕ ФИНАНСАМИ: «Работа с авансовыми отчетами для сотрудников ЦО»	10.0
u503	Стиральные машины и наборы для стирки	10.0
u503	Тостеры	10.0
u503	Планшеты	10.0
u503	скрипты Tefal	10.0
u503	Коллекции	10.0
u503	Ассортимент	10.0
u503	Учебное пособие Домашняя техника	10.0
u1589	Учебное пособие для директоров магазинов «Управление безопасностью магазина»	10.0
u1589	Учебное пособие для Управляющих Корректировка товарного запаса	10.0
u1589	Ученый курс для Управляющих «Сопровождение проверок»	10.0
u1323	Технология  демонстрации оборудования	10.0
u1323	Инструкция «Мерчендайзинг»	10.0
u189	Запуск теста на Портале обучения	10.0
u189	Каталог программ обучения	10.0
u1492	СКРИПТЫ спец проект	10.0
u1492	Новая панель руководителя	10.0
u1492	УЧЕБНОЕ ПОСОБИЕ ДЛЯ УПРАВЛЯЮЩИХ «РАБОТА С ЭЛЕКТРОННЫМ ДОКУМЕНТООБОРОТОМ»	10.0
u1492	Учебное пособие для Управляющих Корректировка товарного запаса	10.0
u1492	Скрипты (ШОУРУМ)	10.0
u1492	ПАМЯТКА «ИЗДЕЛИЯ ИМПОРТНОГО ПРОИЗВОДСТВА»	10.0
u1492	Инструкция «Мерчендайзинг»	10.0
u1492	Учебный курс для Управляющих «Бюджетирование»	10.0
u1492	Учебное пособие для Управляющих «Юридическое сопровождение магазина»	10.0
u1492	Учебное пособие «Чайники»	10.0
u1492	Ученый курс для Управляющих «Сопровождение проверок»	10.0
u1492	Учебное пособие для Управляющих «Маркетинг»	10.0
u1492	ИНСТРУКЦИЯ ДЛЯ УПРАВЛЯЮЩИХ «РАБОТА В ПРОГРАММЕ 1С ДОКУМЕНТООБОРОТ»	10.0
u1492	Учебное пособие для директоров магазинов «Управление безопасностью магазина»	10.0
u1810	СПАСИБО ОТ СБЕРБАНКА	10.0
u1002	Вентиляторы	10.0
u200	СКРИПТЫ спец проект	10.0
u200	Учебный курс «Стандарты качества Чайникофф»	10.0
u200	Скрипты по презентации товара	10.0
u766	Дизайнерские чайники	10.0
u766	Демонстрационная презентация продукта Чайникофф	10.0
u766	"Демонстрационная презентация ""Последние веяния в технике"""	10.0
u531	Учебное пособие «Компания Чайникофф»	10.0
u879	1С УЧЕБНОЕ ПОСОБИЕ ДЛЯ ПРОДАВЦОВ-КАССИРОВ	10.0
u1004	Think before you meet.	10.0
u1004	Ученый курс для Управляющих «Сопровождение проверок»	10.0
u1004	What Makes an Effective Executive	10.0
u1004	The world rediscovers its love for accessories	10.0
u1004	Conditional sentences	10.0
u1004	Rase to reclaim market share	10.0
u1004	Classic appeal boosts export	10.0
u1004	article 8	10.0
u789	Новая панель руководителя	10.0
u789	Прохождение оценочной процедуры на портале Oбучения	10.0
u789	Запуск теста на Портале обучения	10.0
u789	ФОРУМ_КАК ПОЛЬЗОВАТЬСЯ	10.0
u789	Учебное пособие «Компания Чайникофф»	10.0
u789	Подать заявку	10.0
u789	Просмотр результатов мероприятия	10.0
u789	Панель руководителя-Тесты	10.0
u146	Панель руководителя-Тесты	10.0
u1951	Учебное пособие «Компания Чайникофф»	10.0
u2060	Скрипты по презентации товара	10.0
u2060	Недякин Искренний сервис (ознакомительный фрагмент)	10.0
u2060	Технология  демонстрации оборудования	10.0
u2060	ПАМЯТКА «ИЗДЕЛИЯ ИМПОРТНОГО ПРОИЗВОДСТВА»	10.0
u2060	СТАТЬЯ: Речь как индикатор личности.	10.0
u2060	Тостеры	10.0
u2060	Что такое постановка целей по SMART	10.0
u2060	Статья: 7 возрастов руководителя.	10.0
u2060	Коллекции	10.0
u2060	СКРИПТЫ спец проект	10.0
u1605	СТАТЬЯ: Речь как индикатор личности.	10.0
u1357	Учебное пособие «Компания Чайникофф»	10.0
u1375	СКРИПТЫ: спец проект	10.0
u853	СТАТЬЯ: 25 правил продаж	10.0
u853	Работа с вебинаром виртуального класса	10.0
u853	Коллекции	10.0
u853	Тостеры	10.0
u264	Инструкция «Мерчендайзинг»	10.0
u690	Демонстрацинная презентация Как подобрать продукт клиенту	10.0
u690	Учебное пособие Домашняя техника	10.0
u690	Каталог программ обучения	10.0
u845	Учебное пособие «Компания Чайникофф»	10.0
u1608	Forbes_Life	10.0
u37	ФОРУМ_КАК ПОЛЬЗОВАТЬСЯ	10.0
u37	Панель руководителя-Тесты	10.0
u37	Запуск теста на Портале обучения	10.0
u37	Прохождение оценочной процедуры на портале Oбучения	10.0
u1706	Инструкция «Мерчендайзинг»	10.0
u1706	Учебное пособие «Чайники»	10.0
u1706	Скрипты по презентации товара	10.0
u1706	скрипты Tefal	10.0
u1706	ПАМЯТКА «ИЗДЕЛИЯ ИМПОРТНОГО ПРОИЗВОДСТВА»	10.0
u1582	СКРИПТЫ ПО сервисам магазина	10.0
u1582	Планшеты	10.0
u1582	Учебное пособие для Управляющих Маркетинг	10.0
u1582	Учебное пособие «Клиентские сервисы»	10.0
u1582	Учебное пособие «Клиентский сервис»	10.0
u1582	ПАМЯТКА «ИЗДЕЛИЯ ИМПОРТНОГО ПРОИЗВОДСТВА»	10.0
u1582	Памятка «Взаимодействие магазин – мастерская»	10.0
u1582	Учебное пособие Домашняя техника	10.0
u1582	Стиральные машины и наборы для стирки	10.0
u1582	Коллекции	10.0
u1582	Кофемашины	10.0
u1582	Учебное пособие «Компания Чайникофф»	10.0
u1582	Учебное пособие «Клиентские сервисы»	10.0
u1582	Скрипты (ШОУРУМ)	10.0
u1582	Учебное пособие «Чайники»	10.0
u1582	Скрипты по позиционированию бренда	10.0
u1582	Стандарты работы с Клиентами	10.0
u1582	Технология  демонстрации оборудования	10.0
u1582	Инструкция «Мерчендайзинг»	10.0
u1582	Бизнес-тренинг для продавцов	10.0
u175	Учебное пособие для Управляющих «Юридическое сопровождение магазина»	10.0
u175	Учебное пособие «Обеспечение безопасности магазина»	10.0
u175	ПАМЯТКА «ИЗДЕЛИЯ ИМПОРТНОГО ПРОИЗВОДСТВА»	10.0
u175	Технология  демонстрации оборудования	10.0
u175	Скрипты (ШОУРУМ)	10.0
u175	1С УЧЕБНОЕ ПОСОБИЕ ДЛЯ ПРОДАВЦОВ-КАССИРОВ	10.0
u175	"Учебное пособие ""электроника для начинающих"""	10.0
u1456	Учебное пособие для Управляющих Корректировка товарного запаса	10.0
u1456	СКРИПТЫ: спец проект	10.0
u1456	Ученый курс для Управляющих «Сопровождение проверок»	10.0
u1456	Учебное пособие для Управляющих «Юридическое сопровождение магазина»	10.0
u1456	Скрипты по презентации товара	10.0
u1456	Коллекции	10.0
u1406	Учебное пособие для Управляющих Маркетинг	10.0
u1406	Инструкция по работе с УЗВ	10.0
u1406	Учебное пособие «Компания Чайникофф»	10.0
u1964	Запуск теста на Портале обучения	10.0
u1964	Тостеры	10.0
u578	Учебное пособие Домашняя техника	10.0
u1799	Коллекции	10.0
u1799	Дизайнерские чайники	10.0
u1799	Тостеры	10.0
u47	Учебное пособие «Компания Чайникофф»	10.0
u1494	How are you	10.0
u1083	Дизайнерские чайники	10.0
u1083	СТАТЬЯ: Речь как индикатор личности.	10.0
u1440	Скрипты по презентации товара	10.0
u995	1С УЧЕБНОЕ ПОСОБИЕ ДЛЯ ПРОДАВЦОВ-КАССИРОВ	10.0
u995	Тостеры	10.0
u995	Вентиляторы	10.0
u995	Стиральные машины и наборы для стирки	10.0
u995	Стандарты работы с Клиентами	10.0
u995	Учебное пособие «Компания Чайникофф»	10.0
u995	Учебное пособие «Обеспечение безопасности магазина»	10.0
u995	Соковыжималки	10.0
u995	Инструкция по раскладке товара	10.0
u995	Дизайнерские чайники	10.0
u995	Презентация товара	10.0
u995	Учебное пособие Домашняя техника	10.0
u582	Просмотр результатов мероприятия	10.0
u865	Демонстрационная презентация Tefal	10.0
u544	СТАТЬЯ: Управляем по-взрослому	10.0
u831	Наклейки	10.0
u831	Подарки	10.0
u831	Ассортимент ноутбуков	10.0
u831	Скрипты (ШОУРУМ)	10.0
u831	Дизайнерские чайники	10.0
u831	Фены	10.0
u831	Бытовая техника	10.0
u831	ПАМЯТКА «ИЗДЕЛИЯ ИМПОРТНОГО ПРОИЗВОДСТВА»	10.0
u831	Ассортимент	10.0
u831	Тостеры	10.0
u831	Вентиляторы	10.0
u831	Технология  демонстрации оборудования	10.0
u831	Учебное пособие «Клиентские сервисы»	10.0
u831	Стиральные машины и наборы для стирки	10.0
u831	Планшеты	10.0
u831	Смартфоны	10.0
u1422	Учебное пособие «Клиентский сервис»	10.0
u1422	Учебное пособие «Схемотехника»	10.0
u1422	Технология  демонстрации оборудования	10.0
u1422	СКРИПТЫ ПО сервисам магазина	10.0
u1422	Спавочник: Список рекомендуемой литературы	10.0
u1422	Учебное пособие для директоров магазинов «Управление безопасностью магазина»	10.0
u1422	Памятка «Взаимодействие магазин – мастерская»	10.0
u1422	1С УЧЕБНОЕ ПОСОБИЕ ДЛЯ ПРОДАВЦОВ-КАССИРОВ	10.0
u1422	ПАМЯТКА «ИЗДЕЛИЯ ИМПОРТНОГО ПРОИЗВОДСТВА»	10.0
u1422	Программа Спасибо от Сбербанка	10.0
u1422	Учебное пособие для Управляющих Корректировка товарного запаса	10.0
u1422	Учебное пособие «Компания Чайникофф»	10.0
u1422	Планшеты	10.0
u1422	Учебное пособие «Клиентские сервисы»	10.0
u1422	Учебный курс «Стандарты качества Чайникофф»	10.0
u1422	Инструкция «Мерчендайзинг»	10.0
u1422	Учебное пособие «Обеспечение безопасности магазина»	10.0
u1422	Каталог программ обучения	10.0
u1422	СКРИПТЫ спец проект	10.0
u1422	Кофемашины	10.0
u1422	Учебное пособие Домашняя техника	10.0
u1422	Скидочные карты	10.0
u1422	ПОРЯДОК ОРГАНИЗАЦИИ КОРПОРАТИВНОГО ОБУЧЕНИЯ	10.0
u1422	Учебное пособие «Сервисы Компании кредит и рассрочка»	10.0
u1422	Учебное пособие «Клиентские сервисы»	10.0
u1422	Скрипты по презентации товара	10.0
u1422	Учебное пособие «Чайники»	10.0
u1422	Фены	10.0
u1422	"Учебное пособие ""электроника для начинающих"""	10.0
u1422	"Форматы магазинов ""Чайникофф"""	10.0
u1422	Скрипты (ШОУРУМ)	10.0
u147	Запуск теста на Портале обучения	10.0
u147	Скрипты (ШОУРУМ)	10.0
u147	СКРИПТЫ: спец проект	10.0
u147	Новая панель руководителя	10.0
u147	УЧЕБНОЕ ПОСОБИЕ ДЛЯ УПРАВЛЯЮЩИХ «РАБОТА С ЭЛЕКТРОННЫМ ДОКУМЕНТООБОРОТОМ»	10.0
u147	Русско-английский разговорник продавца	10.0
u147	Согласование заявок	10.0
u147	Панель руководителя-Тесты	10.0
u147	Countries & nationalities	10.0
u147	Grammar_to be	10.0
u147	Назначение теста и курса	10.0
u269	Памятка «Взаимодействие магазин – мастерская»	10.0
u269	ПАМЯТКА «ИЗДЕЛИЯ ИМПОРТНОГО ПРОИЗВОДСТВА»	10.0
u269	Скрипты по презентации товара	10.0
u109	скрипты Tefal	10.0
u1811	СКРИПТЫ спец проект	10.0
u387	Запуск теста на Портале обучения	10.0
u387	Работа с вебинаром виртуального класса	10.0
u1652	Бизнес-тренинг для продавцов	10.0
u1652	Подарки	10.0
u210	Скрипты (ШОУРУМ)	10.0
u210	скрипты Tefal	10.0
u111	"Учебное пособие ""электроника для начинающих"""	10.0
u1345	Учебное пособие «Чайники»	10.0
u1345	Учебное пособие «Компания Чайникофф»	10.0
u1941	Учебное пособие Домашняя техника	10.0
u1941	Рисунок для маркетологов	10.0
u1941	Презентация продукта	10.0
u236	ПАМЯТКА «ИЗДЕЛИЯ ИМПОРТНОГО ПРОИЗВОДСТВА»	10.0
u236	Учебное пособие «Чайники»	10.0
u236	Кофемашины	10.0
u236	СТАТЬЯ: 25 правил продаж	10.0
u882	Что такое постановка целей по SMART	10.0
u957	Стиральные машины и наборы для стирки	10.0
u957	Тостеры	10.0
u957	Утюги и аксессуары для глажки	10.0
u957	Дизайнерские чайники	10.0
u634	Инструкция по выкладке товара	10.0
u634	Инструкция по раскладке товара	10.0
u762	Авансовые отчеты	10.0
u762	Вентиляторы	10.0
u762	скрипты Tefal	10.0
u762	СТАТЬЯ: 25 правил продаж	10.0
u1593	Тостеры	10.0
u1593	СКРИПТЫ спец проект	10.0
u1849	Учебное пособие «Схемотехника»	10.0
u178	Technical prowess chimes with collectors (part 1)	10.0
u933	Дизайнерские чайники	10.0
u933	СТАТЬЯ: Речь как индикатор личности.	10.0
u1717	Демонстрационная презентация продукта Чайникофф	10.0
u1120	Инструкция «Мерчендайзинг»	10.0
u56	Дизайнерские чайники	10.0
u56	Тостеры	10.0
u191	Запуск теста на Портале обучения	10.0
u1942	Учебное пособие Домашняя техника	10.0
u1942	1С УЧЕБНОЕ ПОСОБИЕ ДЛЯ ПРОДАВЦОВ-КАССИРОВ	10.0
u1814	Мотивация на 100%	10.0
u730	Ассортимент ноутбуков	10.0
u730	Вентиляторы	10.0
u730	Учебное пособие 1С Заявки на платеж	10.0
u730	Учебное пособие для Управляющих Корректировка товарного запаса	10.0
u730	Ученый курс для Управляющих «Сопровождение проверок»	10.0
u245	Ученый курс для Управляющих «Сопровождение проверок»	10.0
u1169	Инструкция «Мерчендайзинг»	10.0
u1169	Тостеры	10.0
u1169	Ассортимент	10.0
u1169	Фены	10.0
u1169	Смартфоны	10.0
u133	Часы в ассортименте магазина Чайникофф	10.0
u133	How are you	10.0
u133	Скрипты по презентации товара	10.0
u438	Учебное пособие Домашняя техника	10.0
u438	1С УЧЕБНОЕ ПОСОБИЕ ДЛЯ ПРОДАВЦОВ-КАССИРОВ	10.0
u438	СТАТЬЯ: 25 правил продаж	10.0
u727	Памятка «Взаимодействие магазин – мастерская»	10.0
u1522	1С УЧЕБНОЕ ПОСОБИЕ ДЛЯ ПРОДАВЦОВ-КАССИРОВ	10.0
u1522	Учебное пособие Домашняя техника	10.0
u2087	Ученый курс для Управляющих «Сопровождение проверок»	10.0
u815	Учебное пособие Клиентские сервисы Tefal	10.0
u815	СТАТЬЯ: 25 правил продаж	10.0
u815	Учебное пособие Домашняя техника	10.0
u815	скрипты Tefal	10.0
u820	1С УЧЕБНОЕ ПОСОБИЕ ДЛЯ ПРОДАВЦОВ-КАССИРОВ	10.0
u820	Учебное пособие Домашняя техника	10.0
u820	1С УЧЕБНОЕ ПОСОБИЕ ДЛЯ ПРОДАВЦОВ-КАССИРОВ	10.0
u1972	УЧЕБНОЕ ПОСОБИЕ ДЛЯ УПРАВЛЯЮЩИХ «РАБОТА С ЭЛЕКТРОННЫМ ДОКУМЕНТООБОРОТОМ»	10.0
u1359	Учебное пособие «Компания Чайникофф»	10.0
u699	Стиральные машины и наборы для стирки	10.0
u1365	ИНСТРУКЦИЯ ДЛЯ УПРАВЛЯЮЩИХ «РАБОТА В ПРОГРАММЕ 1С ДОКУМЕНТООБОРОТ»	10.0
u1365	Учебное пособие «Обеспечение безопасности магазина»	10.0
u1365	Подать заявку	10.0
u1365	УЧЕБНОЕ ПОСОБИЕ ДЛЯ УПРАВЛЯЮЩИХ «РАБОТА С ЭЛЕКТРОННЫМ ДОКУМЕНТООБОРОТОМ»	10.0
u1365	Учебное пособие для Управляющих Корректировка товарного запаса	10.0
u1065	article 10	10.0
u1065	article 11	10.0
u1065	article 8	10.0
u525	Соковыжималки	10.0
u525	Инструкция «Мерчендайзинг»	10.0
u306	Скрипты (ШОУРУМ)	10.0
u306	Технология  демонстрации оборудования	10.0
u306	СТАТЬЯ: 25 правил продаж	10.0
u306	Заполнение результатов аттестации сотрудников	10.0
u350	Запуск теста на Портале обучения	10.0
u1676	Учебное пособие «Компания Чайникофф»	10.0
u549	Прохождение оценочной процедуры на портале Oбучения	10.0
u1298	УЧЕБНОЕ ПОСОБИЕ ДЛЯ УПРАВЛЯЮЩИХ «РАБОТА С ЭЛЕКТРОННЫМ ДОКУМЕНТООБОРОТОМ»	10.0
u1298	Учебный курс для Управляющих «Бюджетирование»	10.0
u1298	Демонстрационная презентация Tefal	10.0
u1298	скрипты Tefal	10.0
u110	Скрипты по презентации товара	10.0
u110	Скрипты (ШОУРУМ)	10.0
u110	Учебное пособие Домашняя техника	10.0
u12	Grammar_Adverbs	10.0
u804	СТАТЬЯ: Речь как индикатор личности.	10.0
u804	Вентиляторы	10.0
u804	Инструкция «Мерчендайзинг»	10.0
u804	Коллекции	10.0
u804	Подарки	10.0
u804	СКРИПТЫ спец проект	10.0
u804	Учебное пособие «Обеспечение безопасности магазина»	10.0
u907	Учебное пособие «Клиентские сервисы»	10.0
u907	Учебное пособие «Клиентский сервис»	10.0
u907	Скрипты по презентации товара	10.0
u907	Учебное пособие «Компания Чайникофф»	10.0
u907	Учебное пособие для Управляющих «Маркетинг»	10.0
u1177	Учебное пособие для Управляющих «Маркетинг»	10.0
u1548	Памятка «Взаимодействие магазин – мастерская»	10.0
u1872	Коллекции	10.0
u1872	Наклейки	10.0
u1872	Подарки	10.0
u1872	СТАТЬЯ: 25 правил продаж	10.0
u746	Авансовые отчеты	10.0
u1391	"Учебное пособие ""электроника для начинающих"""	10.0
u1391	Учебное пособие «Компания Чайникофф»	10.0
u1424	Стандарты работы с Клиентами	10.0
u1424	Коллекции	10.0
u1424	Фены	10.0
u1424	Тостеры	10.0
u1424	СПАСИБО ОТ СБЕРБАНКА	10.0
u1424	Памятка «Взаимодействие магазин – мастерская»	10.0
u1424	Смартфоны	10.0
u1424	Технология  демонстрации оборудования	10.0
u1424	Бытовая техника	10.0
u1424	СКРИПТЫ спец проект	10.0
u1424	Часы в ассортименте магазина Чайникофф	10.0
u1424	Скрипты (ШОУРУМ)	10.0
u1424	ПАМЯТКА «ИЗДЕЛИЯ ИМПОРТНОГО ПРОИЗВОДСТВА»	10.0
u1424	СКРИПТЫ ПО сервисам магазина	10.0
u1424	Подарки	10.0
u1424	Дизайнерские чайники	10.0
u1424	Учебное пособие «Чайники»	10.0
u1424	Инструкция по работе с партнерской программой лояльности СПАСИБО от Сбербанка	10.0
u1424	Ассортимент	10.0
u1424	Часы АТЛАНТИК	10.0
u1424	Вентиляторы	10.0
u287	ФОРУМ_КАК ПОЛЬЗОВАТЬСЯ	10.0
u1734	Бытовая техника	10.0
u564	Инструкция «Мерчендайзинг»	10.0
u564	ПАМЯТКА «ИЗДЕЛИЯ ИМПОРТНОГО ПРОИЗВОДСТВА»	10.0
u564	Скрипты по презентации товара	10.0
u564	Учебное пособие «Клиентские сервисы»	10.0
u564	Учебное пособие «Сервисы Компании кредит и рассрочка»	10.0
u564	Учебное пособие «Клиентский сервис»	10.0
u564	Учебное пособие «Компания Чайникофф»	10.0
u1801	Стандарты работы с Клиентами	10.0
u1801	Учебное пособие Домашняя техника	10.0
u1801	Утюги и аксессуары для глажки	10.0
u1801	1С УЧЕБНОЕ ПОСОБИЕ ДЛЯ ПРОДАВЦОВ-КАССИРОВ	10.0
u889	Просмотр результатов мероприятия	10.0
u889	Панель руководителя-Тесты	10.0
u889	Учебное пособие «Схемотехника»	10.0
u889	Подать заявку	10.0
u889	Прохождение оценочной процедуры на портале Oбучения	10.0
u889	Запуск теста на Портале обучения	10.0
u889	Новая панель руководителя	10.0
u2027	Запуск теста на Портале обучения	10.0
u2027	Учебное пособие для Управляющих «Маркетинг»	10.0
u2027	Стандарты работы с Клиентами	10.0
u2027	ФОРУМ_КАК ПОЛЬЗОВАТЬСЯ	10.0
u2027	Изменение кодировки.	10.0
u1695	Технология  демонстрации оборудования	10.0
u1695	Памятка «Взаимодействие магазин – мастерская»	10.0
u1695	Что такое постановка целей по SMART	10.0
u1695	Служба продаж	10.0
u1623	Вентиляторы	10.0
u1383	Планшеты	10.0
u1383	Инструкция «Мерчендайзинг»	10.0
u1383	Тостеры	10.0
u1383	"Демонстрационная презентация ""Последние веяния в технике"""	10.0
u1383	Демонстрационная презентация телефоны	10.0
u8	Основы работы на кассовом аппарате Чайникофф	10.0
u8	ПАМЯТКА «ИЗДЕЛИЯ ИМПОРТНОГО ПРОИЗВОДСТВА»	10.0
u1686	ПАМЯТКА «ИЗДЕЛИЯ ИМПОРТНОГО ПРОИЗВОДСТВА»	10.0
u335	Подать заявку	10.0
u335	Работа с вебинаром виртуального класса	10.0
u335	Заполнение результатов аттестации сотрудников	10.0
u335	Просмотр результатов мероприятия	10.0
u1974	Просмотр результатов мероприятия	10.0
u1974	ФОРУМ_КАК ПОЛЬЗОВАТЬСЯ	10.0
u1974	Прохождение оценочной процедуры на портале Oбучения	10.0
u724	Forbes 09.2015	10.0
u421	Как добавить сотрудника в состав участника мероприятия	10.0
u421	Работа с вебинаром виртуального класса	10.0
u421	Заполнение результатов аттестации сотрудников	10.0
u421	Демонстрационная презентация дисконтные карты	10.0
u902	1С УЧЕБНОЕ ПОСОБИЕ ДЛЯ ПРОДАВЦОВ-КАССИРОВ	10.0
u902	Учебное пособие Домашняя техника	10.0
u1958	Скрипты (ШОУРУМ)	10.0
u1958	ФОРУМ_КАК ПОЛЬЗОВАТЬСЯ	10.0
u1958	Запуск теста на Портале обучения	10.0
u1958	Назначение теста и курса	10.0
u1958	Изменение кодировки.	10.0
u1958	Планшеты	10.0
u2021	Основы работы на кассовом аппарате Штрих-Мини-К	10.0
u2021	Ученый курс для Управляющих «Сопровождение проверок»	10.0
u2021	Технология  демонстрации оборудования	10.0
u2021	ПАМЯТКА «ИЗДЕЛИЯ ИМПОРТНОГО ПРОИЗВОДСТВА»	10.0
u1291	Кофемашины	10.0
u1291	Тостеры	10.0
u1291	1С УЧЕБНОЕ ПОСОБИЕ ДЛЯ ПРОДАВЦОВ-КАССИРОВ	10.0
u1291	Учебное пособие Домашняя техника	10.0
u1291	Программа Спасибо от Сбербанка	10.0
u1291	Памятка «Взаимодействие магазин – мастерская»	10.0
u1291	"Учебное пособие ""электроника для начинающих"""	10.0
u1291	Дизайнерские чайники	10.0
u1291	Учебное пособие «Обеспечение безопасности магазина»	10.0
u1291	Скрипты по презентации товара	10.0
u1291	Инструкция «Мерчендайзинг»	10.0
u1291	Стандарты работы с Клиентами	10.0
u1291	Фены	10.0
u1993	Учебное пособие Домашняя техника	10.0
u1993	Учебное пособие для Управляющих «Маркетинг»	10.0
u1993	Ученый курс для Управляющих «Сопровождение проверок»	10.0
u1993	ИНСТРУКЦИЯ ДЛЯ УПРАВЛЯЮЩИХ «РАБОТА В ПРОГРАММЕ 1С ДОКУМЕНТООБОРОТ»	10.0
u91	"Демонстрационная презентация ""Последние веяния в технике"""	10.0
u1361	Прохождение оценочной процедуры на портале Oбучения	10.0
u769	Учебное пособие «Клиентские сервисы»	10.0
u769	Скрипты по презентации товара	10.0
u1328	"Учебное пособие ""электроника для начинающих"""	10.0
u1328	Скрипты по презентации товара	10.0
u1328	Учебное пособие «Схемотехника»	10.0
u1328	Учебное пособие «Компания Чайникофф»	10.0
u1328	Учебное пособие «Чайники»	10.0
u209	Тостеры	10.0
u209	"Учебное пособие ""электроника для начинающих"""	10.0
u209	СПАСИБО ОТ СБЕРБАНКА	10.0
u2070	Фены	10.0
u2070	Планшеты	10.0
u49	Скрипты (ШОУРУМ)	10.0
u49	Памятка «Взаимодействие магазин – мастерская»	10.0
u49	СТАТЬЯ: 25 правил продаж	10.0
u529	Учебное пособие Клиентские сервисы Tefal	10.0
u529	ИНСТРУКЦИЯ ДЛЯ УПРАВЛЯЮЩИХ «РАБОТА В ПРОГРАММЕ 1С ДОКУМЕНТООБОРОТ»	10.0
u529	Учебный курс для Управляющих «Бюджетирование»	10.0
u529	Учебное пособие «Клиентские сервисы»	10.0
u168	Тостеры	10.0
u168	Технология  демонстрации оборудования	10.0
u168	Ученый курс для Управляющих «Сопровождение проверок»	10.0
u168	Дизайнерские чайники	10.0
u2091	СТАТЬЯ: Управляем по-взрослому	10.0
u113	Коллекции	10.0
u1128	1С_БЮДЖЕТИРОВАНИЕ	10.0
u1621	Учебное пособие «Компания Чайникофф»	10.0
u194	УЧЕБНОЕ ПОСОБИЕ ДЛЯ УПРАВЛЯЮЩИХ «РАБОТА С ЭЛЕКТРОННЫМ ДОКУМЕНТООБОРОТОМ»	10.0
u194	СТАТЬЯ: 25 правил продаж	10.0
u776	ИНСТРУКЦИЯ ДЛЯ УПРАВЛЯЮЩИХ «РАБОТА В ПРОГРАММЕ 1С ДОКУМЕНТООБОРОТ»	10.0
u637	Запуск теста на Портале обучения	10.0
u637	Прохождение оценочной процедуры на портале Oбучения	10.0
u838	1С УЧЕБНОЕ ПОСОБИЕ ДЛЯ ПРОДАВЦОВ-КАССИРОВ	10.0
u567	Учебное пособие Домашняя техника	10.0
u567	1С УЧЕБНОЕ ПОСОБИЕ ДЛЯ ПРОДАВЦОВ-КАССИРОВ	10.0
u1407	летняя акция	10.0
u1407	Учебное пособие «Компания Чайникофф»	10.0
u85	Подать заявку	10.0
u849	СПАСИБО ОТ СБЕРБАНКА	10.0
u1696	СПАСИБО ОТ СБЕРБАНКА	10.0
u1696	Инструкция по работе с партнерской программой лояльности СПАСИБО от Сбербанка	10.0
u1696	Программа Спасибо от Сбербанка	10.0
u1913	СКРИПТЫ спец проект	10.0
u1588	Инструкция «Мерчендайзинг»	10.0
u1588	Учебное пособие для директоров магазинов «Управление безопасностью магазина»	10.0
u1588	"Учебное пособие ""электроника для начинающих"""	10.0
u1299	Памятка «Взаимодействие магазин – мастерская»	10.0
u1629	скрипты Tefal	10.0
u1629	Бытовая техника	10.0
u1482	Часы в ассортименте магазина Чайникофф	10.0
u1482	Соковыжималки	10.0
u1482	Вентиляторы	10.0
u1482	Учебное пособие «Чайники»	10.0
u1482	Ассортимент	10.0
u1482	Учебное пособие «Компания Чайникофф»	10.0
u1482	Ассортимент ноутбуков	10.0
u1482	Учебное пособие «Обеспечение безопасности магазина»	10.0
u1482	СКРИПТЫ спец проект	10.0
u1482	Учебное пособие «Схемотехника»	10.0
u58	Вентиляторы	10.0
u58	УЧЕБНОЕ ПОСОБИЕ ДЛЯ УПРАВЛЯЮЩИХ «РАБОТА С ЭЛЕКТРОННЫМ ДОКУМЕНТООБОРОТОМ»	10.0
u58	Ассортимент ноутбуков	10.0
u58	Тостеры	10.0
u58	Стиральные машины и наборы для стирки	10.0
u565	СКРИПТЫ: спец проект	10.0
u1088	Учебное пособие для Управляющих Корректировка товарного запаса	10.0
u1088	Технология  демонстрации оборудования	10.0
u1088	How are you	10.0
u1088	Скрипты по презентации товара	10.0
u1088	Учебное пособие «Сервисы Компании кредит и рассрочка»	10.0
u1088	Что такое постановка целей по SMART	10.0
u824	Учебное пособие «Обеспечение безопасности магазина»	10.0
u824	УЧЕБНОЕ ПОСОБИЕ ДЛЯ УПРАВЛЯЮЩИХ «РАБОТА С ЭЛЕКТРОННЫМ ДОКУМЕНТООБОРОТОМ»	10.0
u824	Скрипты (ШОУРУМ)	10.0
u824	Учебное пособие «Клиентские сервисы»	10.0
u824	Учебное пособие для Управляющих Корректировка товарного запаса	10.0
u824	ИНСТРУКЦИЯ ДЛЯ УПРАВЛЯЮЩИХ «РАБОТА В ПРОГРАММЕ 1С ДОКУМЕНТООБОРОТ»	10.0
u824	ПАМЯТКА «ИЗДЕЛИЯ ИМПОРТНОГО ПРОИЗВОДСТВА»	10.0
u824	Словарь терминов	10.0
u824	Технология  демонстрации оборудования	10.0
u824	Учебное пособие для Управляющих «Юридическое сопровождение магазина»	10.0
u260	Демонстрационная презентация знакомство с брэндами	10.0
u260	Демонстрационная презентация	10.0
u260	"Демонстрационная презентация ""Последние веяния в технике"""	10.0
u344	Учебное пособие «Компания Чайникофф»	10.0
u344	Планшеты	10.0
u344	Коллекции	10.0
u395	Технология  демонстрации оборудования	10.0
u395	Тостеры	10.0
u395	Ассортимент	10.0
u395	Коллекции	10.0
u395	Дизайнерские чайники	10.0
u395	Часы в ассортименте магазина Чайникофф	10.0
u395	Стиральные машины и наборы для стирки	10.0
u1697	Учебное пособие «Компания Чайникофф»	10.0
u2112	Учебное пособие «Компания Чайникофф»	10.0
u1160	Статья: 7 возрастов руководителя.	10.0
u2065	Бизнес-тренинг для продавцов	10.0
u2065	Прохождение оценочной процедуры на портале Oбучения	10.0
u2065	Панель руководителя-Тесты	10.0
u15	Учебное пособие для Управляющих Маркетинг	10.0
u15	Презентация товара	10.0
u15	Учебное пособие для директоров магазинов «Управление безопасностью магазина»	10.0
u15	Ученый курс для Управляющих «Сопровождение проверок»	10.0
u15	Учебное пособие для Управляющих «Юридическое сопровождение магазина»	10.0
u15	Инструкция «Мерчендайзинг»	10.0
u15	ИНСТРУКЦИЯ ДЛЯ УПРАВЛЯЮЩИХ «РАБОТА В ПРОГРАММЕ 1С ДОКУМЕНТООБОРОТ»	10.0
u15	ПОРЯДОК ОРГАНИЗАЦИИ КОРПОРАТИВНОГО ОБУЧЕНИЯ	10.0
u15	ПРОЦЕДУРА ПО ОРГАНИЗАЦИИ И ПРОВЕДЕНИЮ ПОЛЕВОГО ОБУЧЕНИЯ ДЛЯ СОТРУДНИКОВ СЛУЖБЫ ПРОДАЖ	10.0
u15	Учебное пособие для Управляющих Корректировка товарного запаса	10.0
u15	1С УЧЕБНОЕ ПОСОБИЕ ДЛЯ ПРОДАВЦОВ-КАССИРОВ	10.0
u15	Учебный курс для Управляющих «Бюджетирование»	10.0
u15	Учебное пособие Домашняя техника	10.0
u2015	Учебное пособие Домашняя техника	10.0
u451	Учебное пособие «Клиентские сервисы»	10.0
u451	Учебное пособие «Сервисы Компании кредит и рассрочка»	10.0
u451	Кофемашины	10.0
u451	Тостеры	10.0
u451	Учебное пособие «Клиентские сервисы»	10.0
u451	Каталог программ обучения	10.0
u469	СКРИПТЫ спец проект	10.0
u469	Фены	10.0
u469	Тостеры	10.0
u550	Скрипты (ШОУРУМ)	10.0
u550	Учебное пособие «Компания Чайникофф»	10.0
u662	1С УЧЕБНОЕ ПОСОБИЕ ДЛЯ ПРОДАВЦОВ-КАССИРОВ	10.0
u662	1С_БЮДЖЕТИРОВАНИЕ	10.0
u662	Авансовые отчеты	10.0
u662	УЧЕБНОЕ ПОСОБИЕ ДЛЯ УПРАВЛЯЮЩИХ «РАБОТА С ЭЛЕКТРОННЫМ ДОКУМЕНТООБОРОТОМ»	10.0
u422	Вентиляторы	10.0
u422	Технология  демонстрации оборудования	10.0
u422	Соковыжималки	10.0
u422	Памятка «Взаимодействие магазин – мастерская»	10.0
u422	Учебное пособие «Компания Чайникофф»	10.0
u422	Учебное пособие «Обеспечение безопасности магазина»	10.0
u422	ПОРЯДОК ОРГАНИЗАЦИИ КОРПОРАТИВНОГО ОБУЧЕНИЯ	10.0
u422	Инструкция по раскладке товара	10.0
u422	1С УЧЕБНОЕ ПОСОБИЕ ДЛЯ ПРОДАВЦОВ-КАССИРОВ	10.0
u422	Утюги и аксессуары для глажки	10.0
u163	Прохождение оценочной процедуры на портале Oбучения	10.0
u163	ФОРУМ_КАК ПОЛЬЗОВАТЬСЯ	10.0
u163	Запуск теста на Портале обучения	10.0
u163	Портал обучения и развития Подать заявку	10.0
u163	Новая панель руководителя	10.0
u163	Панель руководителя-Тесты	10.0
u163	Просмотр результатов мероприятия	10.0
u1211	Прохождение оценочной процедуры на портале Oбучения	10.0
u1211	Инструкция «Мерчендайзинг»	10.0
u1211	Согласование заявок	10.0
u1211	Вентиляторы	10.0
u1211	Коллекции	10.0
u1211	Подать заявку	10.0
u1211	Просмотр результатов мероприятия	10.0
u1211	Назначение теста и курса	10.0
u1670	Фены	10.0
u1670	Вентиляторы	10.0
u1670	Ассортимент	10.0
u1670	Планшеты	10.0
u1670	Учебное пособие «Клиентские сервисы»	10.0
u1670	Памятка «Взаимодействие магазин – мастерская»	10.0
u1670	ПРОЦЕДУРА ПО ОРГАНИЗАЦИИ И ПРОВЕДЕНИЮ ПОЛЕВОГО ОБУЧЕНИЯ ДЛЯ СОТРУДНИКОВ СЛУЖБЫ ПРОДАЖ	10.0
u1670	Учебное пособие «Компания Чайникофф»	10.0
u1670	Бытовая техника	10.0
u1670	Смартфоны	10.0
u1670	Стиральные машины и наборы для стирки	10.0
u1670	АРТ МОДЕРН	10.0
u1670	Часы в ассортименте магазина Чайникофф	10.0
u1670	Технология  демонстрации оборудования	10.0
u1670	Часы АТЛАНТИК	10.0
u1670	Коллекции	10.0
u459	СПАСИБО ОТ СБЕРБАНКА	10.0
u459	Инструкция «Мерчендайзинг»	10.0
u459	Презентация товара	10.0
u459	Планшеты	10.0
u460	Вентиляторы	10.0
u460	Тостеры	10.0
u460	Дизайнерские чайники	10.0
u460	Ассортимент	10.0
u460	СКРИПТЫ: спец проект	10.0
u427	Скрипты по презентации товара	10.0
u427	Ассортимент	10.0
u427	Вентиляторы	10.0
u427	Скрипты (ШОУРУМ)	10.0
u427	Технология  демонстрации оборудования	10.0
u427	Бытовая техника	10.0
u427	Тостеры	10.0
u427	Коллекции	10.0
u427	Стиральные машины и наборы для стирки	10.0
u427	Дизайнерские чайники	10.0
u427	Учебное пособие для Управляющих «Маркетинг»	10.0
u217	Дизайнерские чайники	10.0
u1980	Назначение теста и курса	10.0
u2033	Think before you meet.	10.0
u2033	From Regional Star to Global Leader	10.0
u2033	СТАТЬЯ: Речь как индикатор личности.	10.0
u2033	What Makes an Effective Executive	10.0
u1450	Скрипты (ШОУРУМ)	10.0
u1710	Презентация доп к промеж. тестированию	10.0
u1534	Запуск теста на Портале обучения	10.0
u1534	Новая панель руководителя	10.0
u1534	ФОРУМ_КАК ПОЛЬЗОВАТЬСЯ	10.0
u1534	Просмотр результатов мероприятия	10.0
u1534	Панель руководителя-Тесты	10.0
u1534	Подать заявку	10.0
u20	Инструкция «Мерчендайзинг»	10.0
u1499	Каталог программ обучения	10.0
u1499	Коммерческая служба	10.0
u107	СПАСИБО ОТ СБЕРБАНКА	10.0
u1701	ФОРУМ_КАК ПОЛЬЗОВАТЬСЯ	10.0
u390	Заполнение результатов аттестации сотрудников	10.0
u390	Скрипты по презентации товара	10.0
u390	Вентиляторы	10.0
u1190	1С УЧЕБНОЕ ПОСОБИЕ ДЛЯ ПРОДАВЦОВ-КАССИРОВ	10.0
u783	Технология  демонстрации оборудования	10.0
u783	Скрипты (ШОУРУМ)	10.0
u783	Учебное пособие Основы безопасности магазина Tefal	10.0
u783	Кофемашины	10.0
u1204	Учебное пособие «Компания Чайникофф»	10.0
u1204	ПАМЯТКА «ИЗДЕЛИЯ ИМПОРТНОГО ПРОИЗВОДСТВА»	10.0
u1204	Инструкция «Мерчендайзинг»	10.0
u1204	Каталог программ обучения	10.0
u1204	Памятка «Взаимодействие магазин – мастерская»	10.0
u912	1С УЧЕБНОЕ ПОСОБИЕ ДЛЯ ПРОДАВЦОВ-КАССИРОВ	10.0
u1867	Дизайнерские чайники	10.0
u1867	How are you	10.0
u1867	Вентиляторы	10.0
u1867	Инструкция по раскладке товара	10.0
u1867	Ассортимент	10.0
u1867	Соковыжималки	10.0
u1867	СКРИПТЫ: спец проект	10.0
u1867	Наклейки	10.0
u645	Коллекции	10.0
u534	Демонстрационная презентация Стандарты внешнего вида Чайникофф	10.0
u534	Демонстрационная презентация Соцпакет	10.0
u534	Демонстрационная презентация продукта Чайникофф	10.0
u1917	Демонстрационная презентация Мерчендайзинг	10.0
u1917	"Демонстрационная презентация ""Последние веяния в технике"""	10.0
u1917	Стандарты и Правила обслуживания	10.0
u1917	Демонстрационная презентация	10.0
u1917	Демонстрационная презентация Соцпакет	10.0
u1917	Демонстрационная презентация продукта Чайникофф	10.0
u1917	Демонстрационная презентация АССОРТИМЕНТ	10.0
u771	Учебное пособие «Чайники»	10.0
u1219	Учебное пособие Домашняя техника	10.0
u1123	Инструкция по работе с УЗВ	10.0
u1123	Статья: 7 возрастов руководителя.	10.0
u334	Планшеты	10.0
u334	Русско-английский разговорник продавца	10.0
u334	Учебное пособие для Управляющих «Юридическое сопровождение магазина»	10.0
u334	Учебный курс «Стандарты качества Чайникофф»	10.0
u334	Учебное пособие «Компания Чайникофф»	10.0
u334	Памятка «Взаимодействие магазин – мастерская»	10.0
u334	СКРИПТЫ ПО сервисам магазина	10.0
u334	Технология  демонстрации оборудования	10.0
u334	Скрипты (ШОУРУМ)	10.0
u334	ПАМЯТКА «ИЗДЕЛИЯ ИМПОРТНОГО ПРОИЗВОДСТВА»	10.0
u334	Словарь терминов	10.0
u334	СТАТЬЯ: 25 правил продаж	10.0
u334	Учебное пособие «Сервисы Компании кредит и рассрочка»	10.0
u334	Инструкция «Мерчендайзинг»	10.0
u334	СКРИПТЫ спец проект	10.0
u320	Учебное пособие «Компания Чайникофф»	10.0
u1367	1С_БЮДЖЕТИРОВАНИЕ	10.0
u1367	Запуск теста на Портале обучения	10.0
u1333	Стиральные машины и наборы для стирки	10.0
u442	How are you	10.0
u1416	Дизайнерские чайники	10.0
u1416	Инструкция «Мерчендайзинг»	10.0
u1416	Стиральные машины и наборы для стирки	10.0
u1416	ПАМЯТКА «ИЗДЕЛИЯ ИМПОРТНОГО ПРОИЗВОДСТВА»	10.0
u1416	Технология  демонстрации оборудования	10.0
u1416	Тостеры	10.0
u1416	Кофемашины	10.0
u1416	СКРИПТЫ: спец проект	10.0
u719	Тостеры	10.0
u719	Скрипты (ШОУРУМ)	10.0
u719	Дизайнерские чайники	10.0
u719	Вентиляторы	10.0
u719	Ассортимент	10.0
u719	СКРИПТЫ спец проект	10.0
u242	Портал обучения и развития Подать заявку	10.0
u242	Панель руководителя-Тесты	10.0
u242	Запуск теста на Портале обучения	10.0
u2096	Учебное пособие «Чайники»	10.0
u2096	Учебное пособие «Компания Чайникофф»	10.0
u144	What Makes an Effective Executive	10.0
u144	Скрипты (ШОУРУМ)	10.0
u144	How are you	10.0
u144	Think before you meet.	10.0
u799	Учебное пособие для Управляющих Корректировка товарного запаса	10.0
u225	Назначение теста и курса	10.0
u225	Запуск теста на Портале обучения	10.0
u1355	Авансовые отчеты	10.0
u1355	Словарь терминов	10.0
u1355	ПОРЯДОК ОРГАНИЗАЦИИ КОРПОРАТИВНОГО ОБУЧЕНИЯ	10.0
u1355	Запуск теста на Портале обучения	10.0
u1229	Скрипты (ШОУРУМ)	10.0
u1681	Ассортимент ноутбуков	10.0
u1681	"Учебное пособие ""электроника для начинающих"""	10.0
u1681	Тостеры	10.0
u1681	Учебное пособие Домашняя техника	10.0
u1948	Учебное пособие «Обеспечение безопасности магазина»	10.0
u1948	Памятка «Взаимодействие магазин – мастерская»	10.0
u1948	Учебное пособие «Схемотехника»	10.0
u1948	"Учебное пособие ""электроника для начинающих"""	10.0
u1948	Скрипты по презентации товара	10.0
u1948	Основы работы на кассовом аппарате Штрих-Мини-К	10.0
u1948	Учебное пособие Домашняя техника	10.0
u1948	Учебное пособие «Компания Чайникофф»	10.0
u1231	Запуск теста на Портале обучения	10.0
u1231	"Учебное пособие ""электроника для начинающих"""	10.0
u1231	Учебный курс «Стандарты качества Чайникофф»	10.0
u1231	СКРИПТЫ ПО сервисам магазина	10.0
u388	Инструкция по раскладке товара	10.0
u388	Ассортимент	10.0
u388	Инструкция по выкладке товара	10.0
u388	Фены	10.0
u388	Тостеры	10.0
u388	Презентация товара	10.0
u388	Оборудование Apple	10.0
u388	1С УЧЕБНОЕ ПОСОБИЕ ДЛЯ ПРОДАВЦОВ-КАССИРОВ	10.0
u388	Смартфоны	10.0
u388	Дизайнерские чайники	10.0
u388	Стандарты работы с Клиентами	10.0
u388	Учебное пособие Домашняя техника	10.0
u1502	Технология  демонстрации оборудования	10.0
u1502	ПОРЯДОК ОРГАНИЗАЦИИ КОРПОРАТИВНОГО ОБУЧЕНИЯ	10.0
u1503	Стиральные машины и наборы для стирки	10.0
u1360	ПАМЯТКА «ИЗДЕЛИЯ ИМПОРТНОГО ПРОИЗВОДСТВА»	10.0
u136	Учебное пособие «Клиентские сервисы»	10.0
u136	ИНСТРУКЦИЯ ДЛЯ УПРАВЛЯЮЩИХ «РАБОТА В ПРОГРАММЕ 1С ДОКУМЕНТООБОРОТ»	10.0
u167	Утюги и аксессуары для глажки	10.0
u167	Ассортимент	10.0
u167	Основы работы на кассовом аппарате Штрих-Мини-К	10.0
u167	Тостеры	10.0
u167	УЧЕБНОЕ ПОСОБИЕ ДЛЯ УПРАВЛЯЮЩИХ «РАБОТА С ЭЛЕКТРОННЫМ ДОКУМЕНТООБОРОТОМ»	10.0
u167	Дизайнерские чайники	10.0
u167	Учебный курс «Стандарты качества Чайникофф»	10.0
u167	Подать заявку	10.0
u1468	Forbes_Life	10.0
u1468	скрипты Tefal	10.0
u1471	Прохождение оценочной процедуры на портале Oбучения	10.0
u1535	Статья: 7 возрастов руководителя.	10.0
u1920	СТАТЬЯ: 25 правил продаж	10.0
u1920	Технология  демонстрации оборудования	10.0
u1063	"Учебное пособие ""электроника для начинающих"""	10.0
u1063	Вентиляторы	10.0
u1063	Заполнение результатов аттестации сотрудников	10.0
u1063	Учебное пособие «Схемотехника»	10.0
u1063	Дизайнерские чайники	10.0
u1063	Учебное пособие «Чайники»	10.0
u1063	Учебное пособие «Компания Чайникофф»	10.0
u1063	Технология  демонстрации оборудования	10.0
u1294	"Учебное пособие ""электроника для начинающих"""	10.0
u1295	СПАСИБО ОТ СБЕРБАНКА	10.0
u30	Учебное пособие Домашняя техника	10.0
u30	1С УЧЕБНОЕ ПОСОБИЕ ДЛЯ ПРОДАВЦОВ-КАССИРОВ	10.0
u1949	Учебное пособие «Клиентские сервисы»	10.0
u1990	Что такое постановка целей по SMART	10.0
u1990	СКРИПТЫ ПО сервисам магазина	10.0
u643	Учебное пособие «Клиентские сервисы»	10.0
u643	Учебное пособие «Компания Чайникофф»	10.0
u643	Учебное пособие «Клиентский сервис»	10.0
u643	Учебное пособие «Клиентские сервисы»	10.0
u1423	Запуск теста на Портале обучения	10.0
u1261	Ассортимент	10.0
u1261	Дизайнерские чайники	10.0
u825	Часы в ассортименте магазина Чайникофф	10.0
u825	Кофемашины	10.0
u825	Учебное пособие «Сервисы Компании кредит и рассрочка»	10.0
u825	Учебное пособие «Компания Чайникофф»	10.0
u825	Учебный курс «Стандарты качества Чайникофф»	10.0
u825	Учебное пособие «Клиентские сервисы»	10.0
u1805	Общий отдел	10.0
u1805	Служба продаж	10.0
u1805	Онлайн сервисы Чайникофф	10.0
u1805	Скрипты (ШОУРУМ)	10.0
u1805	Коллекции	10.0
u1805	УЧЕБНОЕ ПОСОБИЕ ДЛЯ УПРАВЛЯЮЩИХ «РАБОТА С ЭЛЕКТРОННЫМ ДОКУМЕНТООБОРОТОМ»	10.0
u1805	Смартфоны	10.0
u1805	Отдел корпоративных продаж	10.0
u1805	Демонстрационная презентация Tefal	10.0
u1805	Наклейки	10.0
u1805	Департамент управления проектами	10.0
u1805	Планово-производственный отдел	10.0
u1805	Тостеры	10.0
u1805	Дизайнерские чайники	10.0
u1805	Тонкая электроника	10.0
u1805	Подарки	10.0
u1805	Демонстрационная презентация Мотивационная модель	10.0
u1805	"Проект ""Система постоянного развития"""	10.0
u1805	Демонстрационная презентация АССОРТИМЕНТ	10.0
u1805	"Форматы магазинов ""Чайникофф"""	10.0
u1805	Принципы ремонта техники	10.0
u1805	Планшеты	10.0
u1805	Департамент безопасности	10.0
u1805	Презентация продукта	10.0
u1805	Департамент оптовых продаж	10.0
u1805	Юридический отдел	10.0
u1805	Стиральные машины и наборы для стирки	10.0
u1805	Аналитическая служба	10.0
u1805	Соковыжималки	10.0
u1805	Вентиляторы	10.0
u1805	Инструкция по раскладке товара	10.0
u1805	Департамент логистики	10.0
u1805	Департамент информационных технологий	10.0
u1805	СКРИПТЫ спец проект	10.0
u1805	Портал обучения и развития персонала	10.0
u1805	Ассортимент	10.0
u1805	Бытовая техника	10.0
u1805	Ассортимент ноутбуков	10.0
u1805	Демонстрационная презентация Компания Philips	10.0
u1805	Инструкция по выкладке товара	10.0
u939	Что такое постановка целей по SMART	10.0
u939	Каталог программ обучения	10.0
u1853	СКРИПТЫ спец проект	10.0
u1853	Вентиляторы	10.0
u935	Коллекции	10.0
u760	Дизайнерские чайники	10.0
u760	летняя акция	10.0
u760	Вентиляторы	10.0
u2051	1С УЧЕБНОЕ ПОСОБИЕ ДЛЯ ПРОДАВЦОВ-КАССИРОВ	10.0
u2051	Учебное пособие Домашняя техника	10.0
u641	Прохождение оценочной процедуры на портале Oбучения	10.0
u750	ФОРУМ_КАК ПОЛЬЗОВАТЬСЯ	10.0
u622	Наклейки	10.0
u622	Коллекции	10.0
u358	Тостеры	10.0
u183	Подать заявку	10.0
u183	Прохождение оценочной процедуры на портале Oбучения	10.0
u1828	Учебное пособие Домашняя техника	10.0
u1791	Памятка «Взаимодействие магазин – мастерская»	10.0
u1956	скрипты Tefal	10.0
u1956	Планшеты	10.0
u1956	Подарки	10.0
u1956	Демонстрационная презентация Соцпакет	10.0
u1981	Учебное пособие для Управляющих «Маркетинг»	10.0
u1981	Учебный курс для Управляющих «Бюджетирование»	10.0
u1981	Ученый курс для Управляющих «Сопровождение проверок»	10.0
u784	Учебное пособие «Компания Чайникофф»	10.0
u784	Ученый курс для Управляющих «Сопровождение проверок»	10.0
u1844	Тостеры	10.0
u1574	Учебное пособие «Компания Чайникофф»	10.0
u1574	Учебное пособие «Сервисы Компании кредит и рассрочка»	10.0
u1574	"Учебное пособие ""электроника для начинающих"""	10.0
u2077	СТАТЬЯ: Речь как индикатор личности.	10.0
u1332	ПАМЯТКА «ИЗДЕЛИЯ ИМПОРТНОГО ПРОИЗВОДСТВА»	10.0
u2107	Дизайнерские чайники	10.0
u2107	Тостеры	10.0
u2107	СПАСИБО ОТ СБЕРБАНКА	10.0
u2107	Наклейки	10.0
u2107	Утюги и аксессуары для глажки	10.0
u2107	Технология  демонстрации оборудования	10.0
u2107	Вентиляторы	10.0
u2107	СКРИПТЫ: спец проект	10.0
u2107	Ассортимент	10.0
u2107	Бытовая техника	10.0
u2107	летняя акция	10.0
u2107	СКРИПТЫ спец проект	10.0
u2107	Фены	10.0
u2107	Планшеты	10.0
u1335	Учебный курс «Стандарты качества Чайникофф»	10.0
u1335	Учебное пособие «Клиентский сервис»	10.0
u1335	Учебное пособие «Компания Чайникофф»	10.0
u1289	How are you	10.0
u1859	Prepositions AT IN ON	10.0
u1859	How are you	10.0
u1859	Time	10.0
u688	СТАТЬЯ: Речь как индикатор личности.	10.0
u229	1С УЧЕБНОЕ ПОСОБИЕ ДЛЯ ПРОДАВЦОВ-КАССИРОВ	10.0
u229	ПОРЯДОК ОРГАНИЗАЦИИ КОРПОРАТИВНОГО ОБУЧЕНИЯ	10.0
u383	Заполнение результатов аттестации сотрудников	10.0
